종목코드,종목명,자산군,시장,총보수,안전자산,현재가,전일대비,등락률,갱신시각
0193M0,BNK 27-12 특수채(AAA이상)액티브,채권,국내,0.07,Y,50480,0,0.00,2026-10-08 10:16
466810,BNK 2차전지양극재,주식,국내,0.395,N,6480,135,2.13,2026-10-08 10:16
457930,BNK 미래전략기술액티브,주식,국내,0.495,N,27445,-390,-1.40,2026-10-08 10:16
0218K0,BNK 스마트카,주식,국내,0.45,N,10760,0,0.00,2026-10-08 10:16
487750,BNK 온디바이스AI,주식,국내,0.395,N,36490,325,0.90,2026-10-08 10:16
445690,BNK 주주가치액티브,주식,국내,0.495,N,29680,-345,-1.15,2026-10-08 10:16
0120J0,BNK 카카오그룹포커스,주식,국내,0.395,N,7480,-120,-1.58,2026-10-08 10:16
0112X0,마이티 200TR,주식,국내,0.05,N,40615,-320,-0.78,2026-10-08 10:16
0191M0,마이티 5월만기자동연장특수채(AAA)액티브,채권,국내,0.06,Y,101000,0,0.00,2026-10-08 10:16
0222F0,마이티 AI데이터센터밸류체인,주식,국내,0.365,N,12765,-145,-1.12,2026-10-08 10:16
442260,마이티 다이나믹퀀트액티브,주식,국내,0.295,N,37840,-360,-0.94,2026-10-08 10:16
0001P0,마이티 바이오시밀러&CDMO액티브,주식,국내,0.805,N,8710,-345,-3.81,2026-10-08 10:16
0229F0,마이티 신약포커스바이오액티브,주식,국내,0.785,N,8470,-365,-4.13,2026-10-08 10:16
159800,마이티 코스피100,주식,국내,0.375,N,85645,-360,-0.42,2026-10-08 10:16
472840,IBK 200,주식,국내,0.08,N,107420,-905,-0.84,2026-10-08 10:16
0005G0,IBK K-AI반도체코어테크,주식,국내,0.28,N,57475,650,1.14,2026-10-08 10:16
0178H0,IBK 미국AI TOP10국채혼합50,혼합자산,국내&해외,0.25,Y,10150,-70,-0.68,2026-10-08 10:16
0135Y0,IBK 중기종합채권(AA-이상)액티브,채권,국내,0.041,Y,100670,35,0.03,2026-10-08 10:16
0221V0,IBK 초단기채권액티브,채권,국내,0.05,Y,100830,25,0.02,2026-10-08 10:16
0191S0,IBK 코스닥150,주식,국내,0.105,N,15475,-55,-0.35,2026-10-08 10:16
0208N0,IBK 코스피액티브,주식,국내,0.415,N,7570,-60,-0.79,2026-10-08 10:16
0238C0,IBK 한미대표기업TOP2+채권혼합50액티브,혼합자산,국내&해외,0.3,Y,10210,30,0.29,2026-10-08 10:16
361580,RISE 200TR,주식,국내,0.012,N,61240,-465,-0.75,2026-10-08 10:16
290080,RISE 200고배당커버드콜ATM,주식,국내,0.4,N,7255,-65,-0.89,2026-10-08 10:16
284980,RISE 200금융,주식,국내,0.19,N,21360,-435,-2.00,2026-10-08 10:16
252400,RISE 200선물레버리지,주식,국내,0.022,N,97735,-1640,-1.65,2026-10-08 10:16
252420,RISE 200선물인버스2X,주식,국내,0.022,N,79,1,1.28,2026-10-08 10:16
252410,RISE 200선물인버스,주식,국내,0.022,N,1315,11,0.84,2026-10-08 10:16
475720,RISE 200위클리커버드콜,주식,국내,0.3,N,12470,-70,-0.56,2026-10-08 10:16
148020,RISE 200,주식,국내,0.017,N,108495,-950,-0.87,2026-10-08 10:16
183700,RISE 200채권혼합50,혼합자산,국내,0.2,Y,96045,-665,-0.69,2026-10-08 10:16
0122W0,RISE 26-11 회사채(AA-이상)액티브,채권,국내,0.05,Y,51165,5,0.01,2026-10-08 10:16
465330,RISE 2차전지TOP10,주식,국내,0.07,N,12485,245,2.00,2026-10-08 10:16
465350,RISE 2차전지TOP10인버스(합성),주식,국내,0.49,N,14495,-365,-2.46,2026-10-08 10:16
422420,RISE 2차전지액티브,주식,국내,0.35,N,7360,150,2.08,2026-10-08 10:16
105780,RISE 5대그룹주,주식,국내,0.4,N,16135,-140,-0.86,2026-10-08 10:16
469070,RISE AI&로봇,주식,국내,0.4,N,10810,-130,-1.19,2026-10-08 10:16
0093A0,RISE AI반도체TOP10,주식,국내,0.2,N,38290,630,1.67,2026-10-08 10:16
0101N0,RISE AI전력인프라,주식,국내,0.2,N,21185,-570,-2.62,2026-10-08 10:16
427120,RISE AI플랫폼,주식,국내,0.45,N,5350,-25,-0.47,2026-10-08 10:16
477080,RISE CD금리액티브(합성),기타,국내,0.02,Y,107830,15,0.01,2026-10-08 10:16
290130,RISE ESG사회책임투자,주식,국내,0.3,N,47305,-315,-0.66,2026-10-08 10:16
367770,RISE 수소경제테마,주식,국내,0.45,N,20670,-630,-2.96,2026-10-08 10:16
326240,RISE IT플러스,주식,국내,0.4,N,46400,100,0.22,2026-10-08 10:16
385560,RISE KIS국고채30년Enhanced,채권,국내,0.05,Y,52085,365,0.71,2026-10-08 10:16
479520,RISE KOFR금리액티브(합성),기타,국내,0.02,Y,106715,10,0.01,2026-10-08 10:16
270800,RISE KQ고배당,주식,국내,0.3,N,16410,-75,-0.45,2026-10-08 10:16
292050,RISE KRX300,주식,국내,0.05,N,49160,-380,-0.77,2026-10-08 10:16
388280,RISE K엔터&여행레저,주식,국내,0.45,N,6875,-85,-1.22,2026-10-08 10:16
0192L0,RISE SK하이닉스단일종목레버리지,주식,국내,0.0901,N,8935,95,1.07,2026-10-08 10:16
0013R0,RISE 테슬라미국채타겟커버드콜혼합(합성),혼합자산,해외,0.25,Y,7355,-15,-0.20,2026-10-08 10:16
234310,RISE V&S셀렉트밸류,주식,국내,0.3,N,28095,-345,-1.21,2026-10-08 10:16
241390,RISE V&S셀렉트밸류채권혼합,혼합자산,국내,0.23,Y,15690,-210,-1.32,2026-10-08 10:16
401170,RISE 메타버스,주식,국내,0.45,N,10380,-275,-2.58,2026-10-08 10:16
300640,RISE 게임테마,주식,국내,0.3,N,6315,-145,-2.24,2026-10-08 10:16
266160,RISE 고배당,주식,국내,0.2,N,32350,-345,-1.06,2026-10-08 10:16
481430,RISE 국고채10년액티브,채권,국내,0.012,Y,98375,100,0.10,2026-10-08 10:16
282000,RISE 국고채3년선물인버스,채권,국내,0.07,N,115035,-100,-0.09,2026-10-08 10:16
114100,RISE 국고채3년,채권,국내,0.115,Y,106355,60,0.06,2026-10-08 10:16
451670,RISE 국채30년레버리지(합성),채권,국내,0.1,N,12570,0,0.00,2026-10-08 10:16
295020,RISE 국채선물10년인버스,채권,국내,0.07,N,60690,-145,-0.24,2026-10-08 10:16
295000,RISE 국채선물10년,채권,국내,0.07,Y,51465,50,0.10,2026-10-08 10:16
432600,RISE 국채선물3년,채권,국내,0.07,Y,55410,5,0.01,2026-10-08 10:16
0233N0,RISE 글로벌AI낸드메모리반도체,주식,국내&해외,0.45,N,10880,170,1.59,2026-10-08 10:16
0114X0,RISE 글로벌게임테크TOP3Plus,주식,해외,0.4,N,8895,100,1.14,2026-10-08 10:16
437370,RISE 글로벌농업경제,주식,해외,0.4,N,10005,-150,-1.48,2026-10-08 10:16
375270,RISE 글로벌데이터센터리츠(합성),부동산,해외,0.4,N,12640,-180,-1.40,2026-10-08 10:16
475380,RISE 글로벌리얼티인컴,부동산,해외,0.01,N,9485,-115,-1.20,2026-10-08 10:16
476310,RISE 글로벌비만산업TOP2+,주식,해외,0.35,N,8950,180,2.05,2026-10-08 10:16
417450,RISE 글로벌수소경제,주식,해외,0.4,N,15300,-550,-3.47,2026-10-08 10:16
442320,RISE 글로벌원자력,주식,해외,0.4,N,34280,-840,-2.39,2026-10-08 10:16
461490,RISE 글로벌자산배분액티브,혼합자산,해외,0.01,N,14470,-10,-0.07,2026-10-08 10:16
459750,RISE 글로벌주식분산액티브,주식,해외,0.2,N,17295,-75,-0.43,2026-10-08 10:16
399580,RISE 글로벌클린에너지,주식,해외,0.4,N,9075,-135,-1.47,2026-10-08 10:16
276650,RISE 글로벌테크놀로지(합성 H),주식,국내&해외,0.4,N,49325,-390,-0.78,2026-10-08 10:16
336160,RISE 금융채액티브,채권,국내,0.07,Y,100080,20,0.02,2026-10-08 10:16
326230,RISE 내수주플러스,주식,국내,0.4,N,10765,-220,-2.00,2026-10-08 10:16
367760,RISE 네트워크인프라,주식,국내,0.45,N,63005,-150,-0.24,2026-10-08 10:16
272560,RISE 단기국공채액티브,채권,국내,0.07,Y,115150,5,0.00,2026-10-08 10:16
385550,RISE 단기채권알파액티브,채권,국내,0.05,Y,114400,10,0.01,2026-10-08 10:16
196230,RISE 단기통안채,채권,국내,0.13,Y,117250,40,0.03,2026-10-08 10:16
0061Z0,RISE 단기특수은행채액티브,채권,국내,0.01,Y,51170,15,0.03,2026-10-08 10:16
315960,RISE 대형고배당10TR,주식,국내,0.07,N,75250,-700,-0.92,2026-10-08 10:16
0138D0,RISE 동학개미,주식,국내,0.07,N,13080,-55,-0.42,2026-10-08 10:16
455890,RISE 머니마켓액티브,채권,국내,0.05,Y,55675,10,0.02,2026-10-08 10:16
481340,RISE 미국30년국채액티브,채권,해외,0.05,Y,7690,-10,-0.13,2026-10-08 10:16
472870,RISE 미국30년국채엔화노출(합성 H),채권,해외,0.15,Y,6265,0,0.00,2026-10-08 10:16
472830,RISE 미국30년국채커버드콜(합성),채권,해외,0.25,Y,7130,-15,-0.21,2026-10-08 10:16
485690,RISE 미국AI밸류체인TOP3Plus,주식,해외,0.01,N,23215,-230,-0.98,2026-10-08 10:16
490590,RISE 미국AI밸류체인데일리고정커버드콜,주식,해외,0.25,N,14630,-55,-0.37,2026-10-08 10:16
0176E0,RISE 미국AI전력인프라액티브,주식,해외,0.45,N,10135,-175,-1.70,2026-10-08 10:16
0127R0,RISE 미국AI클라우드인프라,주식,해외,0.4,N,17120,-320,-1.83,2026-10-08 10:16
495940,RISE 미국AI테크액티브,주식,해외,0.5,N,19675,-265,-1.33,2026-10-08 10:16
0138T0,RISE 미국S&P500데일리고정커버드콜,주식,해외,0.25,N,9250,-60,-0.64,2026-10-08 10:16
0005C0,RISE 미국S&P500엔화노출(합성 H),주식,해외,0.1,N,11140,-35,-0.31,2026-10-08 10:16
379780,RISE 미국S&P500,주식,해외,0.0047,N,22575,-120,-0.53,2026-10-08 10:16
453330,RISE 미국S&P500(H),주식,해외,0.0047,N,18415,-55,-0.30,2026-10-08 10:16
460660,RISE 미국S&P배당킹,주식,해외,0.01,N,10930,-60,-0.55,2026-10-08 10:16
219390,RISE 미국S&P원유생산기업(합성 H),주식,해외,0.25,N,8145,-70,-0.85,2026-10-08 10:16
0115C0,RISE 미국고배당다우존스TOP10,주식,해외,0.01,N,10285,-25,-0.24,2026-10-08 10:16
354240,RISE 미국고정배당우선증권,혼합자산,해외,0.5,N,9650,-80,-0.82,2026-10-08 10:16
368590,RISE 미국나스닥100,주식,해외,0.0062,N,30740,-120,-0.39,2026-10-08 10:16
437350,RISE 미국단기투자등급회사채액티브,채권,해외,0.1,Y,11695,-10,-0.09,2026-10-08 10:16
455960,RISE 미국달러SOFR금리액티브(합성),기타,해외,0.05,Y,11800,10,0.08,2026-10-08 10:16
469530,RISE 미국달러선물인버스,통화,국내,0.05,N,9700,-15,-0.15,2026-10-08 10:16
469060,RISE 미국반도체NYSE,주식,해외,0.01,N,37505,-345,-0.91,2026-10-08 10:16
469050,RISE 미국반도체NYSE(H),주식,해외,0.01,N,35090,-205,-0.58,2026-10-08 10:16
491630,RISE 미국반도체인버스(합성 H),주식,해외,0.49,N,4725,-10,-0.21,2026-10-08 10:16
490600,RISE 미국배당100데일리고정커버드콜,주식,해외,0.25,N,8285,-65,-0.78,2026-10-08 10:16
0018Z0,RISE 미국양자컴퓨팅,주식,해외,0.4,N,17835,-180,-1.00,2026-10-08 10:16
0218J0,RISE 미국우주&로봇TOP2미국채혼합50,혼합자산,해외,0.13,Y,9245,-75,-0.80,2026-10-08 10:16
0227K0,RISE 미국우주위성통신,주식,해외,0.4,N,10145,-85,-0.83,2026-10-08 10:16
0013P0,RISE 미국은행TOP10,주식,해외,0.2,N,11210,-155,-1.36,2026-10-08 10:16
267490,RISE 미국장기국채선물레버리지(합성 H),채권,해외,0.5,N,4410,0,0.00,2026-10-08 10:16
267450,RISE 미국장기국채선물인버스(H),채권,해외,0.4,N,11865,0,0.00,2026-10-08 10:16
267440,RISE 미국장기국채선물(H),채권,해외,0.4,Y,7585,0,0.00,2026-10-08 10:16
0036Z0,RISE 미국천연가스밸류체인,주식,해외,0.4,N,11845,-90,-0.75,2026-10-08 10:16
491620,RISE 미국테크100데일리고정커버드콜,주식,해외,0.25,N,10480,-40,-0.38,2026-10-08 10:16
0036R0,RISE 미국휴머노이드로봇,주식,해외,0.4,N,19865,-355,-1.76,2026-10-08 10:16
0000Z0,RISE 바이오TOP10액티브,주식,국내,0.5,N,8175,-395,-4.61,2026-10-08 10:16
446700,RISE 배터리 리사이클링,주식,국내,0.4,N,11050,140,1.28,2026-10-08 10:16
475350,RISE 버크셔포트폴리오TOP10,주식,해외,0.01,N,13910,25,0.18,2026-10-08 10:16
388420,RISE 비메모리반도체액티브,주식,국내,0.5,N,31315,590,1.92,2026-10-08 10:16
0240J0,RISE 삼성SK그룹,주식,국내,0.15,N,10380,-155,-1.47,2026-10-08 10:16
448630,RISE 삼성그룹Top3채권혼합,혼합자산,국내,0.2,Y,15345,35,0.23,2026-10-08 10:16
0162Z0,RISE 삼성전자SK하이닉스채권혼합50,혼합자산,국내,0.01,Y,13665,5,0.04,2026-10-08 10:16
0192M0,RISE 삼성전자단일종목레버리지,주식,국내,0.0901,N,11705,-145,-1.22,2026-10-08 10:16
140570,RISE 수출주,주식,국내,0.4,N,25790,-275,-1.06,2026-10-08 10:16
0093B0,RISE 엔비디아고정테크100,주식,해외,0.2,N,12970,-20,-0.15,2026-10-08 10:16
140580,RISE 우량업종대표주,주식,국내,0.4,N,23860,-205,-0.85,2026-10-08 10:16
379790,RISE 유로스탁스50(H),주식,해외,0.021,N,16695,-185,-1.10,2026-10-08 10:16
498610,RISE 인도디지털성장,주식,해외,0.3,N,7385,25,0.34,2026-10-08 10:16
488480,RISE 일본섹터TOP4Plus,주식,해외,0.3,N,13045,-35,-0.27,2026-10-08 10:16
442550,RISE TDF2030액티브 적격,기타,국내&해외,0.01,Y,14700,-40,-0.27,2026-10-08 10:16
442560,RISE TDF2040액티브 적격,기타,국내&해외,0.01,Y,16350,-80,-0.49,2026-10-08 10:16
442570,RISE TDF2050액티브 적격,기타,국내&해외,0.01,Y,17340,-100,-0.57,2026-10-08 10:16
385540,RISE 종합채권(A-이상)액티브,채권,국내,0.012,Y,103665,110,0.11,2026-10-08 10:16
183710,RISE 주식혼합,혼합자산,국내,0.25,N,92495,-840,-0.90,2026-10-08 10:16
310080,RISE 중국MSCI China(H),주식,해외,0.6,N,8775,-100,-1.13,2026-10-08 10:16
463300,RISE 중국본토CSI300,주식,해외,0.05,N,12290,-10,-0.08,2026-10-08 10:16
174360,RISE 중국본토대형주CSI100,주식,해외,0.65,N,22105,0,0.00,2026-10-08 10:16
136340,RISE 중기우량회사채,채권,국내,0.07,Y,104170,15,0.01,2026-10-08 10:16
281990,RISE 중소형고배당,주식,국내,0.3,N,17925,-60,-0.33,2026-10-08 10:16
272570,RISE 중장기국공채액티브,채권,국내,0.07,Y,108295,140,0.13,2026-10-08 10:16
0164G0,RISE 차이나AI반도체TOP4Plus,주식,해외,0.45,N,11325,80,0.71,2026-10-08 10:16
250730,RISE 차이나HSCEI(H),주식,해외,0.021,N,9555,45,0.47,2026-10-08 10:16
291680,RISE 차이나H선물인버스(H),주식,해외,0.59,N,8115,0,0.00,2026-10-08 10:16
0094L0,RISE 차이나테크TOP10위클리타겟커버드콜,주식,해외,0.3,N,6480,-25,-0.38,2026-10-08 10:16
371150,RISE 차이나항셍테크,주식,해외,0.14,N,5985,35,0.59,2026-10-08 10:16
498860,RISE 코리아금융고배당,주식,국내,0.1,N,15920,-360,-2.21,2026-10-08 10:16
0094M0,RISE 코리아밸류업위클리고정커버드콜,주식,국내,0.3,N,16870,-260,-1.52,2026-10-08 10:16
495050,RISE 코리아밸류업,주식,국내,0.008,N,31255,-490,-1.54,2026-10-08 10:16
0151P0,RISE 코리아전략산업액티브,주식,국내,0.5,N,14640,-115,-0.78,2026-10-08 10:16
278240,RISE 코스닥150선물레버리지,주식,국내,0.32,N,9230,-25,-0.27,2026-10-08 10:16
275750,RISE 코스닥150선물인버스,주식,국내,0.32,N,2220,0,0.00,2026-10-08 10:16
270810,RISE 코스닥150,주식,국내,0.02,N,15275,0,0.00,2026-10-08 10:16
0223A0,RISE 코스닥커버드콜액티브,주식,국내,0.3,N,12090,405,3.47,2026-10-08 10:16
302450,RISE 코스피,주식,국내,0.02,N,70330,-575,-0.81,2026-10-08 10:16
0047P0,RISE 테슬라고정테크100,주식,해외,0.2,N,14750,-35,-0.24,2026-10-08 10:16
449580,RISE 테슬라애플아마존채권혼합,혼합자산,해외,0.24,Y,16205,-5,-0.03,2026-10-08 10:16
334700,RISE 팔라듐선물인버스(H),원자재,해외,0.6,N,3745,50,1.35,2026-10-08 10:16
334690,RISE 팔라듐선물(H),원자재,해외,0.6,N,5100,-105,-2.02,2026-10-08 10:16
0047R0,RISE 팔란티어고정테크100,주식,해외,0.2,N,15695,5,0.03,2026-10-08 10:16
253280,RISE 헬스케어,주식,국내,0.05,N,12220,-330,-2.63,2026-10-08 10:16
253290,RISE 헬스케어채권혼합,혼합자산,국내,0.35,Y,11495,-85,-0.73,2026-10-08 10:16
0190C0,RISE 현대차고정피지컬AI,주식,국내,0.4,N,7485,-135,-1.77,2026-10-08 10:16
407310,HANARO 200 TOP10,주식,국내,0.15,N,15625,-410,-2.56,2026-10-08 10:16
332930,HANARO 200TR,주식,국내,0.03,N,141125,-1375,-0.96,2026-10-08 10:16
304780,HANARO 200선물레버리지,주식,국내,0.45,N,119000,-2260,-1.86,2026-10-08 10:16
306520,HANARO 200선물인버스,주식,국내,0.45,N,2385,10,0.42,2026-10-08 10:16
293180,HANARO 200,주식,국내,0.036,N,107880,-930,-0.85,2026-10-08 10:16
0123S0,HANARO 26-12 은행채(AA+이상)액티브,채권,국내,0.02,Y,10215,0,0.00,2026-10-08 10:16
0091M0,HANARO 27-06 회사채(AA-이상)액티브,채권,국내,0.02,Y,10190,5,0.05,2026-10-08 10:16
448490,HANARO 32-10 국고채액티브,채권,국내,0.05,Y,53210,125,0.24,2026-10-08 10:16
454320,HANARO CAPEX설비투자iSelect,주식,국내,0.45,N,39205,-1740,-4.25,2026-10-08 10:16
395290,HANARO Fn K-POP&미디어,주식,국내,0.45,N,4820,-80,-1.63,2026-10-08 10:16
395280,HANARO Fn K-게임,주식,국내,0.45,N,3335,-125,-3.61,2026-10-08 10:16
368190,HANARO Fn K-뉴딜디지털플러스,주식,국내,0.45,N,7685,-40,-0.52,2026-10-08 10:16
402460,HANARO Fn K-메타버스MZ,주식,국내,0.45,N,14435,-165,-1.13,2026-10-08 10:16
395270,HANARO Fn K-반도체,주식,국내,0.45,N,59925,-305,-0.51,2026-10-08 10:16
438900,HANARO Fn K-푸드,주식,국내,0.45,N,10710,-75,-0.70,2026-10-08 10:16
367740,HANARO Fn5G산업,주식,국내,0.45,N,45335,495,1.10,2026-10-08 10:16
407300,HANARO Fn골프테마,주식,국내,0.45,N,10030,-150,-1.47,2026-10-08 10:16
381560,HANARO Fn전기&수소차,주식,국내,0.45,N,17690,-80,-0.45,2026-10-08 10:16
441540,HANARO Fn조선해운,주식,국내,0.45,N,24295,-785,-3.13,2026-10-08 10:16
381570,HANARO Fn친환경에너지,주식,국내,0.45,N,10795,40,0.37,2026-10-08 10:16
479850,HANARO K-뷰티,주식,국내,0.45,N,17125,-510,-2.89,2026-10-08 10:16
453060,HANARO KOFR금리액티브(합성),기타,국내,0.05,Y,111765,0,0.00,2026-10-08 10:16
304760,HANARO KRX300,주식,국내,0.05,N,46935,-660,-1.39,2026-10-08 10:16
322410,HANARO K고배당,주식,국내,0.07,N,21875,-225,-1.02,2026-10-08 10:16
0155N0,HANARO K휴머노이드테마TOP10,주식,국내,0.45,N,7580,-115,-1.49,2026-10-08 10:16
332940,HANARO MSCI Korea TR,주식,국내,0.12,N,48085,-605,-1.24,2026-10-08 10:16
322400,HANARO e커머스,주식,국내,0.45,N,9300,-165,-1.74,2026-10-08 10:16
473640,HANARO 글로벌금채굴기업,주식,해외,0.15,N,30170,-335,-1.10,2026-10-08 10:16
354350,HANARO 글로벌럭셔리S&P(합성),주식,해외,0.5,N,17265,-210,-1.20,2026-10-08 10:16
461340,HANARO 글로벌생성형AI액티브,주식,해외,0.6,N,44595,-355,-0.79,2026-10-08 10:16
401590,HANARO 글로벌탄소배출권선물ICE(합성),기타,해외,0.5,N,10895,120,1.11,2026-10-08 10:16
0040S0,HANARO 글로벌피지컬AI액티브,주식,해외,0.6,N,23565,-35,-0.15,2026-10-08 10:16
314700,HANARO 농업융복합산업,주식,국내,0.5,N,10715,60,0.56,2026-10-08 10:16
486830,HANARO 머니마켓액티브,채권,국내,0.04,Y,53480,10,0.02,2026-10-08 10:16
0215T0,HANARO 미국AI광통신TOP10,주식,해외,0.45,N,9965,-175,-1.73,2026-10-08 10:16
0181B0,HANARO 미국AI메모리반도체TOP4+,주식,해외,0.45,N,9795,115,1.19,2026-10-08 10:16
0219Z0,HANARO 미국S&P500액티브,주식,해외,0.5,N,10480,-5,-0.05,2026-10-08 10:16
432840,HANARO 미국S&P500,주식,해외,0.045,N,19430,-95,-0.49,2026-10-08 10:16
0227L0,HANARO 미국에이전틱AI TOP2+,주식,해외,0.45,N,10705,-75,-0.70,2026-10-08 10:16
498050,HANARO 바이오코리아액티브,주식,국내,0.5,N,9710,-295,-2.95,2026-10-08 10:16
476260,HANARO 반도체핵심공정주도주,주식,국내,0.45,N,15700,705,4.70,2026-10-08 10:16
434730,HANARO 원자력iSelect,주식,국내,0.45,N,53680,-2170,-3.89,2026-10-08 10:16
0082F0,HANARO 유럽방산,주식,해외,0.35,N,9095,-170,-1.83,2026-10-08 10:16
491820,HANARO 전력설비투자,주식,국내,0.35,N,41000,-1735,-4.06,2026-10-08 10:16
461500,HANARO 종합채권(AA-이상)액티브,채권,국내,0.02,Y,105750,190,0.18,2026-10-08 10:16
0191W0,HANARO 중기종합채권(A-이상)액티브,채권,국내,0.05,Y,101080,0,0.00,2026-10-08 10:16
0111J0,HANARO 증권고배당TOP3플러스,주식,국내,0.07,N,11330,-325,-2.79,2026-10-08 10:16
495750,HANARO 코리아밸류업,주식,국내,0.008,N,31105,-565,-1.78,2026-10-08 10:16
306530,HANARO 코스닥150선물레버리지,주식,국내,0.45,N,8285,60,0.73,2026-10-08 10:16
304770,HANARO 코스닥150,주식,국내,0.2,N,15270,-65,-0.42,2026-10-08 10:16
375760,HANARO 탄소효율그린뉴딜,주식,국내,0.2,N,24150,-300,-1.23,2026-10-08 10:16
0007N0,아이엠에셋 200,주식,국내,0.05,N,108075,-1040,-0.95,2026-10-08 10:16
491510,파워 K-주주가치액티브,주식,국내,0.405,N,17495,-235,-1.33,2026-10-08 10:16
140950,파워 코스피100,주식,국내,0.155,N,84450,-770,-0.90,2026-10-08 10:16
152870,파워 200,주식,국내,0.145,N,108725,-840,-0.77,2026-10-08 10:16
0242S0,파워 SK그룹,주식,국내,0.305,N,10500,-160,-1.50,2026-10-08 10:16
192720,파워 고배당저변동성,주식,국내,0.23,N,56235,-725,-1.27,2026-10-08 10:16
498180,파워 종합채권(AA-이상)액티브,채권,국내,0.036,Y,93805,0,0.00,2026-10-08 10:16
486240,DAISHIN AI반도체&인프라액티브,주식,국내,0.36,N,31200,-235,-0.75,2026-10-08 10:16
434960,DAISHIN K200,주식,국내,0.1,N,108665,-650,-0.59,2026-10-08 10:16
0189Z0,DAISHIN 금융&지주고배당,주식,국내,0.24,N,10010,-55,-0.55,2026-10-08 10:16
0174J0,DAISHIN 오피스리츠플러스,부동산,국내,0.19,N,8810,45,0.51,2026-10-08 10:16
0053M0,더제이 중소형포커스액티브,주식,국내,0.685,N,12920,-245,-1.86,2026-10-08 10:16
0220B0,DS 코스닥액티브,주식,국내,1.0,N,12820,375,3.01,2026-10-08 10:16
0232A0,MIDAS 머니마켓액티브,채권,국내,0.06,Y,100450,0,0.00,2026-10-08 10:16
0214M0,MIDAS 바이오헬스케어액티브,주식,국내,0.62,N,9475,-290,-2.97,2026-10-08 10:16
488290,MIDAS 일본테크액티브,주식,해외,0.65,N,46600,-970,-2.04,2026-10-08 10:16
438740,MIDAS 중소형액티브,주식,국내,0.62,N,34290,-390,-1.12,2026-10-08 10:16
0191B0,MIDAS 코스닥액티브,주식,국내,0.62,N,35855,1085,3.12,2026-10-08 10:16
403790,MIDAS 코스피액티브,주식,국내,0.29,N,57005,-585,-1.02,2026-10-08 10:16
0139F0,TIGER 12월자동연장금융채(AA-이상)액티브,채권,국내,0.1,Y,102470,20,0.02,2026-10-08 10:16
310960,TIGER 200TR,주식,국내,0.09,N,62975,-440,-0.69,2026-10-08 10:16
227550,TIGER 200 산업재,주식,국내,0.4,N,11875,-120,-1.00,2026-10-08 10:16
227560,TIGER 200 생활소비재,주식,국내,0.4,N,12270,-180,-1.45,2026-10-08 10:16
102110,TIGER 200,주식,국내,0.05,N,108095,-790,-0.73,2026-10-08 10:16
243880,TIGER 200IT레버리지,주식,국내,0.69,N,346295,-8705,-2.45,2026-10-08 10:16
252000,TIGER 200동일가중,주식,국내,0.25,N,18990,-270,-1.40,2026-10-08 10:16
267770,TIGER 200선물레버리지,주식,국내,0.022,N,80965,-1195,-1.45,2026-10-08 10:16
252710,TIGER 200선물인버스2X,주식,국내,0.022,N,82,2,2.50,2026-10-08 10:16
243890,TIGER 200에너지화학레버리지,주식,국내,0.69,N,8915,15,0.17,2026-10-08 10:16
315270,TIGER 200커뮤니케이션서비스,주식,국내,0.4,N,18205,-420,-2.26,2026-10-08 10:16
166400,TIGER 200커버드콜OTM,주식,국내,0.38,N,24560,-190,-0.77,2026-10-08 10:16
0104N0,TIGER 200타겟위클리커버드콜,주식,국내,0.25,N,20710,-130,-0.62,2026-10-08 10:16
227540,TIGER 200 헬스케어,주식,국내,0.4,N,17855,-585,-3.17,2026-10-08 10:16
480260,TIGER 27-04회사채(A+이상)액티브,채권,국내,0.1,Y,53965,0,0.00,2026-10-08 10:16
0094K0,TIGER 28-04 회사채(A+이상)액티브,채권,국내,0.1,Y,99890,90,0.09,2026-10-08 10:16
364980,TIGER 2차전지TOP10,주식,국내,0.4,N,11025,330,3.09,2026-10-08 10:16
412570,TIGER 2차전지TOP10레버리지,주식,국내,0.29,N,1383,79,6.06,2026-10-08 10:16
462010,TIGER 2차전지소재Fn,주식,국내,0.39,N,5275,140,2.73,2026-10-08 10:16
305540,TIGER 2차전지테마,주식,국내,0.5,N,20520,650,3.27,2026-10-08 10:16
471760,TIGER AI반도체핵심공정,주식,국내,0.45,N,17075,285,1.70,2026-10-08 10:16
365040,TIGER AI코리아그로스액티브,주식,국내,0.4,N,35830,-425,-1.17,2026-10-08 10:16
364960,TIGER BBIG,주식,국내,0.4,N,6230,-140,-2.20,2026-10-08 10:16
412560,TIGER BBIG레버리지,주식,국내,0.59,N,1593,-52,-3.16,2026-10-08 10:16
475630,TIGER CD1년금리액티브(합성),기타,국내,0.0098,Y,1079865,150,0.01,2026-10-08 10:16
357870,TIGER CD금리투자KIS(합성),기타,국내,0.03,Y,58192,2,0.00,2026-10-08 10:16
499660,TIGER CD금리플러스액티브(합성),기타,국내,0.0098,Y,1001022,107,0.01,2026-10-08 10:16
400970,TIGER Fn메타버스,주식,국내,0.45,N,7045,-180,-2.49,2026-10-08 10:16
377990,TIGER Fn신재생에너지,주식,국내,0.5,N,24785,-440,-1.74,2026-10-08 10:16
417630,TIGER KEDI혁신기업ESG30,주식,국내,0.5,N,18265,-570,-3.03,2026-10-08 10:16
292160,TIGER KRX300,주식,국내,0.09,N,47955,-545,-1.12,2026-10-08 10:16
0072R0,TIGER KRX금현물,원자재,국내,0.15,N,11850,-50,-0.42,2026-10-08 10:16
404540,TIGER KRX기후변화솔루션,주식,국내,0.09,N,24300,-95,-0.39,2026-10-08 10:16
300610,TIGER K게임,주식,국내,0.5,N,5360,-140,-2.55,2026-10-08 10:16
138530,TIGER LG그룹플러스,주식,국내,0.15,N,12000,-105,-0.87,2026-10-08 10:16
445910,TIGER MKF배당귀족,주식,국내,0.2,N,20395,-110,-0.54,2026-10-08 10:16
289260,TIGER MSCI KOREA ESG리더스,주식,국내,0.4,N,28885,0,0.00,2026-10-08 10:16
289250,TIGER MSCI KOREA ESG유니버설,주식,국내,0.4,N,34800,80,0.23,2026-10-08 10:16
310970,TIGER MSCI Korea TR,주식,국내,0.12,N,48280,-410,-0.84,2026-10-08 10:16
0000D0,TIGER 엔비디아미국채커버드콜밸런스(합성),혼합자산,해외,0.39,Y,8465,-60,-0.70,2026-10-08 10:16
143850,TIGER 미국S&P500선물(H),주식,해외,0.3,N,78255,-290,-0.37,2026-10-08 10:16
269370,TIGER S&P글로벌인프라(합성),주식,해외,0.4,N,15780,-220,-1.38,2026-10-08 10:16
0195S0,TIGER SK하이닉스단일종목레버리지,주식,국내,0.0901,N,8745,130,1.51,2026-10-08 10:16
453950,TIGER TSMC파운드리밸류체인,주식,해외,0.49,N,34940,-600,-1.69,2026-10-08 10:16
364990,TIGER 게임TOP10,주식,국내,0.4,N,4420,-180,-3.91,2026-10-08 10:16
139280,TIGER 경기방어,주식,국내,0.4,N,11975,-220,-1.80,2026-10-08 10:16
237440,TIGER 경기방어채권혼합,혼합자산,국내,0.2,Y,10060,-55,-0.54,2026-10-08 10:16
319640,TIGER 골드선물(H),원자재,해외,0.39,N,24145,-70,-0.29,2026-10-08 10:16
0190Y0,TIGER 구글밸류체인,주식,해외,0.45,N,8840,-45,-0.51,2026-10-08 10:16
160580,TIGER 구리실물,원자재,해외,0.83,N,16120,220,1.38,2026-10-08 10:16
114820,TIGER 국채3년,채권,국내,0.15,Y,105395,95,0.09,2026-10-08 10:16
464310,TIGER 글로벌AI&로보틱스 INDXX,주식,해외,0.49,N,13190,-190,-1.42,2026-10-08 10:16
418670,TIGER 글로벌AI사이버보안,주식,해외,0.49,N,19385,-415,-2.10,2026-10-08 10:16
466950,TIGER 글로벌AI액티브,주식,해외,0.79,N,32260,-185,-0.57,2026-10-08 10:16
440340,TIGER 글로벌멀티에셋TIF액티브,혼합자산,해외,0.55,Y,11285,-15,-0.13,2026-10-08 10:16
476690,TIGER 글로벌비만치료제TOP2Plus,주식,해외,0.45,N,9795,190,1.98,2026-10-08 10:16
480310,TIGER 글로벌온디바이스AI,주식,해외,0.49,N,21590,-235,-1.08,2026-10-08 10:16
387270,TIGER 글로벌이노베이션액티브,주식,해외,0.55,N,26320,-160,-0.60,2026-10-08 10:16
371450,TIGER 글로벌클라우드컴퓨팅INDXX,주식,해외,0.49,N,13587,-118,-0.86,2026-10-08 10:16
248270,TIGER S&P글로벌헬스케어(합성),주식,해외,0.4,N,25340,240,0.96,2026-10-08 10:16
464930,TIGER 글로벌혁신블루칩TOP10,주식,해외,0.49,N,20625,95,0.46,2026-10-08 10:16
139320,TIGER 금은선물(H),원자재,해외,0.69,N,17105,-45,-0.26,2026-10-08 10:16
0168K0,TIGER 기술이전바이오액티브,주식,국내,0.5,N,5565,-205,-3.55,2026-10-08 10:16
137610,TIGER 농산물선물Enhanced(H),원자재,해외,0.69,N,5760,-105,-1.79,2026-10-08 10:16
272580,TIGER 단기채권액티브,채권,국내,0.07,Y,57280,15,0.03,2026-10-08 10:16
157450,TIGER 단기통안채,채권,국내,0.09,Y,112880,10,0.01,2026-10-08 10:16
105010,TIGER 라틴35,주식,해외,0.49,N,6425,-140,-2.13,2026-10-08 10:16
123320,TIGER 레버리지,주식,국내,0.022,N,106450,-1855,-1.71,2026-10-08 10:16
0086B0,TIGER 리츠부동산인프라TOP10액티브,부동산,국내,0.06,N,9505,-5,-0.05,2026-10-08 10:16
341850,TIGER 리츠부동산인프라채권,혼합자산,국내,0.22,N,4565,0,0.00,2026-10-08 10:16
329200,TIGER 리츠부동산인프라,부동산,국내,0.08,N,4037,-8,-0.20,2026-10-08 10:16
0086C0,TIGER 리츠부동산인프라10채권혼합액티브,혼합자산,국내,0.15,Y,9820,-5,-0.05,2026-10-08 10:16
0043B0,TIGER 머니마켓액티브,채권,국내,0.04,Y,103927,7,0.01,2026-10-08 10:16
147970,TIGER 모멘텀,주식,국내,0.29,N,77885,-1135,-1.44,2026-10-08 10:16
458250,TIGER 미국30년국채스트립액티브(합성 H),채권,해외,0.15,Y,30940,-10,-0.03,2026-10-08 10:16
0142D0,TIGER 미국AI데이터센터TOP4Plus,주식,해외,0.49,N,10365,-275,-2.58,2026-10-08 10:16
491830,TIGER 미국AI반도체팹리스,주식,해외,0.49,N,23880,-290,-1.20,2026-10-08 10:16
490090,TIGER 미국AI빅테크10,주식,해외,0.3,N,16340,-20,-0.12,2026-10-08 10:16
493810,TIGER 미국AI빅테크10타겟데일리커버드콜,주식,해외,0.25,N,11540,-5,-0.04,2026-10-08 10:16
0102A0,TIGER 미국AI소프트웨어TOP4Plus,주식,해외,0.49,N,8440,-120,-1.40,2026-10-08 10:16
0123G0,TIGER 미국AI전력SMR,주식,해외,0.49,N,5990,-120,-1.96,2026-10-08 10:16
488500,TIGER 미국S&P500동일가중,주식,해외,0.2,N,11890,-105,-0.88,2026-10-08 10:16
0238P0,TIGER 미국S&P500미국채혼합50,혼합자산,해외,0.15,Y,10030,-30,-0.30,2026-10-08 10:16
429000,TIGER 미국S&P500배당귀족,주식,해외,0.25,N,12295,-105,-0.85,2026-10-08 10:16
360750,TIGER 미국S&P500,주식,해외,0.0068,N,25885,-140,-0.54,2026-10-08 10:16
448290,TIGER 미국S&P500(H),주식,해외,0.07,N,18030,-60,-0.33,2026-10-08 10:16
418660,TIGER 미국나스닥100레버리지(합성),주식,해외,0.25,N,41755,-325,-0.77,2026-10-08 10:16
133690,TIGER 미국나스닥100,주식,해외,0.0068,N,184552,-733,-0.40,2026-10-08 10:16
448300,TIGER 미국나스닥100(H),주식,해외,0.07,N,24160,-55,-0.23,2026-10-08 10:16
435420,TIGER 미국나스닥100채권혼합50,혼합자산,국내&해외,0.25,Y,14235,-5,-0.04,2026-10-08 10:16
441680,TIGER 미국나스닥100커버드콜(합성),주식,해외,0.37,N,10640,0,0.00,2026-10-08 10:16
429010,TIGER 미국나스닥넥스트100,주식,해외,0.49,N,18970,-170,-0.89,2026-10-08 10:16
245340,TIGER 미국다우존스30,주식,해외,0.35,N,33260,-280,-0.83,2026-10-08 10:16
456610,TIGER 미국달러SOFR금리액티브(합성),기타,해외,0.05,Y,58345,-110,-0.19,2026-10-08 10:16
329750,TIGER 미국달러단기채권액티브,채권,해외,0.3,Y,12675,-25,-0.20,2026-10-08 10:16
261110,TIGER 미국달러선물레버리지,통화,국내,0.05,N,15020,-65,-0.43,2026-10-08 10:16
261120,TIGER 미국달러선물인버스2X,통화,국내,0.05,N,5650,30,0.53,2026-10-08 10:16
494840,TIGER 미국방산TOP10,주식,해외,0.45,N,11035,-210,-1.87,2026-10-08 10:16
458730,TIGER 미국배당다우존스,주식,해외,0.01,N,13840,-135,-0.97,2026-10-08 10:16
0008S0,TIGER 미국배당다우존스타겟데일리커버드콜,주식,해외,0.25,N,9135,-80,-0.87,2026-10-08 10:16
0015K0,TIGER 미국소비트렌드액티브,주식,해외,0.79,N,6795,-40,-0.59,2026-10-08 10:16
0183J0,TIGER 미국우주테크,주식,해외,0.49,N,7595,-190,-2.44,2026-10-08 10:16
305080,TIGER 미국채10년선물,채권,해외,0.29,Y,11510,-15,-0.13,2026-10-08 10:16
0046A0,TIGER 미국초단기(3개월이하)국채,채권,해외,0.09,Y,9255,-15,-0.16,2026-10-08 10:16
465670,TIGER 미국캐시카우100,주식,해외,0.25,N,15460,-75,-0.48,2026-10-08 10:16
0223R0,TIGER 미국테크NYSE100액티브,주식,해외,0.79,N,9895,-75,-0.75,2026-10-08 10:16
381170,TIGER 미국테크TOP10 INDXX,주식,해외,0.49,N,31915,-10,-0.03,2026-10-08 10:16
472160,TIGER 미국테크TOP10 INDXX(H),주식,해외,0.49,N,20025,30,0.15,2026-10-08 10:16
472170,TIGER 미국테크TOP10채권혼합,혼합자산,국내&해외,0.25,Y,14165,0,0.00,2026-10-08 10:16
458260,TIGER 미국투자등급회사채액티브(H),채권,해외,0.14,Y,44570,25,0.06,2026-10-08 10:16
497570,TIGER 미국필라델피아AI반도체나스닥,주식,해외,0.49,N,23065,-290,-1.24,2026-10-08 10:16
381180,TIGER 미국필라델피아반도체나스닥,주식,해외,0.49,N,45500,-515,-1.12,2026-10-08 10:16
228810,TIGER 미디어컨텐츠,주식,국내,0.5,N,3065,-30,-0.97,2026-10-08 10:16
364970,TIGER 바이오TOP10,주식,국내,0.4,N,6620,-210,-3.07,2026-10-08 10:16
091230,TIGER 반도체,주식,국내,0.46,N,157210,3470,2.26,2026-10-08 10:16
488080,TIGER 반도체TOP10레버리지,주식,국내,0.49,N,38845,240,0.62,2026-10-08 10:16
396500,TIGER 반도체TOP10,주식,국내,0.45,N,39075,200,0.51,2026-10-08 10:16
0177R0,TIGER 반도체TOP10커버드콜액티브,주식,국내,0.45,N,11875,30,0.25,2026-10-08 10:16
138520,TIGER 삼성그룹,주식,국내,0.15,N,35640,-340,-0.94,2026-10-08 10:16
0233J0,TIGER 삼성전자SK하이닉스미국채혼합50,혼합자산,국내&해외,0.15,Y,10445,5,0.05,2026-10-08 10:16
0195R0,TIGER 삼성전자단일종목레버리지,주식,국내,0.0901,N,11465,-125,-1.08,2026-10-08 10:16
157490,TIGER 소프트웨어,주식,국내,0.4,N,7560,-190,-2.45,2026-10-08 10:16
228800,TIGER 여행레저,주식,국내,0.5,N,2600,-20,-0.76,2026-10-08 10:16
227570,TIGER 우량가치,주식,국내,0.4,N,20655,-295,-1.41,2026-10-08 10:16
261140,TIGER 우선주,주식,국내,0.29,N,23980,-305,-1.26,2026-10-08 10:16
130680,TIGER 원유선물Enhanced(H),원자재,해외,0.69,N,7650,-60,-0.78,2026-10-08 10:16
245350,TIGER 유로스탁스배당30,주식,해외,0.35,N,17375,-225,-1.28,2026-10-08 10:16
0189B0,TIGER 은액티브,원자재,해외,0.3,N,7285,-95,-1.29,2026-10-08 10:16
091220,TIGER 은행,주식,국내,0.46,N,16165,-280,-1.70,2026-10-08 10:16
466940,TIGER 은행고배당플러스TOP10,주식,국내,0.3,N,25275,-400,-1.56,2026-10-08 10:16
307510,TIGER 의료기기,주식,국내,0.5,N,12665,-235,-1.82,2026-10-08 10:16
453870,TIGER 인도니프티50,주식,해외,0.19,N,10260,-45,-0.44,2026-10-08 10:16
236350,TIGER 인도니프티50레버리지(합성),주식,해외,0.58,N,21525,-355,-1.62,2026-10-08 10:16
479730,TIGER 인도빌리언컨슈머,주식,해외,0.49,N,8760,-40,-0.45,2026-10-08 10:16
123310,TIGER 인버스,주식,국내,0.022,N,1129,7,0.62,2026-10-08 10:16
365000,TIGER 인터넷TOP10,주식,국내,0.4,N,3655,-70,-1.88,2026-10-08 10:16
241180,TIGER 일본니케이225,주식,해외,0.35,N,35610,-415,-1.15,2026-10-08 10:16
465660,TIGER 일본반도체FACTSET,주식,해외,0.49,N,26865,-185,-0.68,2026-10-08 10:16
292560,TIGER 일본엔선물,통화,국내,0.25,N,7850,30,0.38,2026-10-08 10:16
0025N0,TIGER TDF2045 적격,혼합자산,국내&해외,0.19,Y,11785,-70,-0.59,2026-10-08 10:16
494670,TIGER 조선TOP10,주식,국내,0.35,N,19140,-535,-2.72,2026-10-08 10:16
150460,TIGER 중국소비테마,주식,국내,0.5,N,7290,-110,-1.49,2026-10-08 10:16
0192Z0,TIGER 중기종합채권(A-이상)액티브,채권,국내,0.06,Y,101155,0,0.00,2026-10-08 10:16
302190,TIGER 중장기국채,채권,국내,0.15,Y,50220,40,0.08,2026-10-08 10:16
157500,TIGER 증권,주식,국내,0.4,N,11270,-305,-2.63,2026-10-08 10:16
307520,TIGER 지주회사,주식,국내,0.5,N,21180,-415,-1.92,2026-10-08 10:16
117690,TIGER 차이나항셍30,주식,해외,0.49,N,18065,0,0.00,2026-10-08 10:16
0067Y0,TIGER 차이나AI소프트웨어,주식,해외,0.49,N,9095,60,0.66,2026-10-08 10:16
245360,TIGER 차이나HSCEI,주식,해외,0.35,N,11355,-125,-1.09,2026-10-08 10:16
414780,TIGER 차이나과창판STAR50(합성),주식,해외,0.09,N,12425,0,0.00,2026-10-08 10:16
0067V0,TIGER 차이나글로벌리더스TOP3+,주식,해외,0.49,N,8655,-5,-0.06,2026-10-08 10:16
371470,TIGER 차이나바이오테크SOLACTIVE,주식,해외,0.49,N,8625,40,0.47,2026-10-08 10:16
396520,TIGER 차이나반도체FACTSET,주식,해외,0.49,N,11960,-40,-0.33,2026-10-08 10:16
371460,TIGER 차이나전기차SOLACTIVE,주식,해외,0.49,N,8870,-10,-0.11,2026-10-08 10:16
456680,TIGER 차이나전기차레버리지(합성),주식,해외,0.58,N,4725,-5,-0.11,2026-10-08 10:16
0133E0,TIGER 차이나증권,주식,해외,0.49,N,7955,5,0.06,2026-10-08 10:16
396510,TIGER 차이나클린에너지SOLACTIVE,주식,해외,0.49,N,6580,40,0.61,2026-10-08 10:16
0047A0,TIGER 차이나테크TOP10,주식,해외,0.49,N,11385,-35,-0.31,2026-10-08 10:16
438320,TIGER 차이나항셍테크레버리지(합성 H),주식,해외,0.58,N,4200,-90,-2.10,2026-10-08 10:16
371160,TIGER 차이나항셍테크,주식,해외,0.09,N,6090,-50,-0.81,2026-10-08 10:16
0053L0,TIGER 차이나휴머노이드로봇,주식,해외,0.49,N,8630,5,0.06,2026-10-08 10:16
0117V0,TIGER 코리아AI전력기기TOP3플러스,주식,국내,0.4,N,17845,-700,-3.77,2026-10-08 10:16
292150,TIGER 코리아TOP10,주식,국내,0.15,N,37400,-420,-1.11,2026-10-08 10:16
0104P0,TIGER 코리아배당다우존스위클리커버드콜,주식,국내,0.25,N,10585,-140,-1.31,2026-10-08 10:16
0052D0,TIGER 코리아배당다우존스,주식,국내,0.25,N,14975,-150,-0.99,2026-10-08 10:16
496080,TIGER 코리아밸류업,주식,국내,0.008,N,31120,-470,-1.49,2026-10-08 10:16
0091P0,TIGER 코리아원자력,주식,국내,0.5,N,15860,-690,-4.17,2026-10-08 10:16
0148J0,TIGER 코리아휴머노이드로봇산업,주식,국내,0.5,N,9850,-40,-0.40,2026-10-08 10:16
233160,TIGER 코스닥150 레버리지,주식,국내,0.32,N,9085,25,0.28,2026-10-08 10:16
232080,TIGER 코스닥150,주식,국내,0.19,N,15665,45,0.29,2026-10-08 10:16
261060,TIGER 코스닥150IT,주식,국내,0.4,N,29880,900,3.11,2026-10-08 10:16
261070,TIGER 코스닥150바이오테크,주식,국내,0.4,N,11265,-590,-4.98,2026-10-08 10:16
250780,TIGER 코스닥150선물인버스,주식,국내,0.32,N,2205,0,0.00,2026-10-08 10:16
461580,TIGER 코스닥글로벌,주식,국내,0.15,N,17125,85,0.50,2026-10-08 10:16
0204S0,TIGER 코스닥액티브,주식,국내,0.5,N,8465,225,2.73,2026-10-08 10:16
277640,TIGER 코스피대형주,주식,국내,0.29,N,37075,-385,-1.03,2026-10-08 10:16
277650,TIGER 코스피중형주,주식,국내,0.29,N,21285,0,0.00,2026-10-08 10:16
277630,TIGER 코스피,주식,국내,0.15,N,70690,-690,-0.97,2026-10-08 10:16
376410,TIGER 탄소효율그린뉴딜,주식,국내,0.09,N,24240,-285,-1.16,2026-10-08 10:16
447770,TIGER 테슬라채권혼합Fn,혼합자산,국내&해외,0.25,Y,13935,-15,-0.11,2026-10-08 10:16
0060H0,TIGER 토탈월드스탁액티브,주식,해외,0.25,N,12325,-75,-0.60,2026-10-08 10:16
387280,TIGER 퓨처모빌리티액티브,주식,국내,0.77,N,12120,130,1.08,2026-10-08 10:16
449690,TIGER 한중반도체(합성),주식,국내&해외,0.35,N,48610,485,1.01,2026-10-08 10:16
449680,TIGER 한중전기차(합성),주식,국내&해외,0.35,N,9910,70,0.71,2026-10-08 10:16
143860,TIGER 헬스케어,주식,국내,0.4,N,34775,-1315,-3.64,2026-10-08 10:16
0241R0,TIGER 현대차LG전자고정피지컬AI밸류체인,주식,국내&해외,0.5,N,9600,-260,-2.64,2026-10-08 10:16
138540,TIGER 현대차그룹플러스,주식,국내,0.15,N,43095,-1105,-2.50,2026-10-08 10:16
228790,TIGER 화장품,주식,국내,0.5,N,4155,-135,-3.15,2026-10-08 10:16
394670,TIGER 글로벌리튬&2차전지SOLACTIVE(합성),주식,해외,0.49,N,10287,-153,-1.47,2026-10-08 10:16
394660,TIGER 글로벌자율주행&전기차SOLACTIVE,주식,해외,0.49,N,14750,-250,-1.67,2026-10-08 10:16
276000,TIGER 글로벌자원생산기업(합성 H),주식,해외,0.4,N,20245,-255,-1.24,2026-10-08 10:16
449170,TIGER KOFR금리액티브(합성),기타,국내,0.03,Y,112105,15,0.01,2026-10-08 10:16
458750,TIGER 미국배당다우존스타겟커버드콜1호,주식,해외,0.39,N,11980,-85,-0.70,2026-10-08 10:16
471780,TIGER 코리아테크액티브,주식,국내,0.77,N,40010,510,1.29,2026-10-08 10:16
139260,TIGER 200 IT,주식,국내,0.4,N,142110,-1595,-1.11,2026-10-08 10:16
139220,TIGER 200 건설,주식,국내,0.4,N,7295,-205,-2.73,2026-10-08 10:16
139290,TIGER 200 경기소비재,주식,국내,0.4,N,22600,-245,-1.07,2026-10-08 10:16
139270,TIGER 200 금융,주식,국내,0.4,N,16075,-280,-1.71,2026-10-08 10:16
139250,TIGER 200 에너지화학,주식,국내,0.4,N,18350,-80,-0.43,2026-10-08 10:16
139230,TIGER 200 중공업,주식,국내,0.4,N,11630,-420,-3.49,2026-10-08 10:16
139240,TIGER 200 철강소재,주식,국내,0.4,N,10150,-50,-0.49,2026-10-08 10:16
289480,TIGER 200커버드콜,주식,국내,0.38,N,13050,-100,-0.76,2026-10-08 10:16
228820,TIGER KTOP30,주식,국내,0.25,N,18610,-270,-1.43,2026-10-08 10:16
463250,TIGER K방산&우주,주식,국내,0.45,N,30215,-1510,-4.76,2026-10-08 10:16
225060,TIGER 이머징마켓MSCI레버리지(합성 H),주식,해외,0.58,N,16500,-115,-0.69,2026-10-08 10:16
182480,TIGER 미국MSCI리츠(합성 H),부동산,해외,0.24,N,12545,-200,-1.57,2026-10-08 10:16
225040,TIGER 미국S&P500레버리지(합성 H),주식,해외,0.25,N,69295,-455,-0.65,2026-10-08 10:16
225030,TIGER 미국S&P500선물인버스(H),주식,해외,0.59,N,2235,5,0.22,2026-10-08 10:16
451530,TIGER 국고채30년스트립액티브,채권,국내,0.15,Y,36395,320,0.89,2026-10-08 10:16
491010,TIGER 글로벌AI전력인프라액티브,주식,해외,0.49,N,25335,-445,-1.73,2026-10-08 10:16
412770,TIGER 글로벌AI플랫폼액티브,주식,해외,0.7901,N,12985,-75,-0.57,2026-10-08 10:16
203780,TIGER 미국나스닥바이오,주식,해외,0.3,N,33405,5,0.01,2026-10-08 10:16
182490,TIGER 단기선진하이일드(합성 H),채권,해외,0.24,Y,13610,-20,-0.15,2026-10-08 10:16
174350,TIGER 로우볼,주식,국내,0.4,N,20340,-55,-0.27,2026-10-08 10:16
275980,TIGER 글로벌4차산업혁신기술(합성 H),주식,해외,0.4,N,23850,-155,-0.65,2026-10-08 10:16
476550,TIGER 미국30년국채커버드콜액티브(H),채권,해외,0.39,Y,6320,-5,-0.08,2026-10-08 10:16
482730,TIGER 미국S&P500타겟데일리커버드콜,주식,해외,0.25,N,11475,-55,-0.48,2026-10-08 10:16
486290,TIGER 미국나스닥100타겟데일리커버드콜,주식,해외,0.25,N,10560,-40,-0.38,2026-10-08 10:16
458760,TIGER 미국배당다우존스타겟커버드콜2호,주식,해외,0.39,N,10075,-60,-0.59,2026-10-08 10:16
474220,TIGER 미국테크TOP10타겟커버드콜,주식,해외,0.5,N,15095,30,0.20,2026-10-08 10:16
211560,TIGER 배당성장,주식,국내,0.15,N,33830,-355,-1.04,2026-10-08 10:16
472150,TIGER 배당커버드콜액티브,주식,국내,0.5,N,19780,-170,-0.85,2026-10-08 10:16
438330,TIGER 우량회사채액티브,채권,국내,0.1,Y,115915,40,0.03,2026-10-08 10:16
217770,TIGER 원유선물인버스(H),원자재,해외,0.69,N,1124,6,0.54,2026-10-08 10:16
225050,TIGER 유로스탁스레버리지(합성 H),주식,해외,0.58,N,15300,-320,-2.05,2026-10-08 10:16
195930,TIGER 유로스탁스50(합성 H),주식,해외,0.24,N,22585,-325,-1.42,2026-10-08 10:16
195920,TIGER 일본TOPIX(합성 H),주식,해외,0.24,N,35880,-95,-0.26,2026-10-08 10:16
451540,TIGER 종합채권(AA-이상)액티브,채권,국내,0.03,Y,53205,70,0.13,2026-10-08 10:16
204480,TIGER 차이나CSI300레버리지(합성),주식,해외,0.58,N,20290,-100,-0.49,2026-10-08 10:16
217780,TIGER 차이나CSI300인버스(합성),주식,해외,0.58,N,5915,-15,-0.25,2026-10-08 10:16
192090,TIGER 차이나CSI300,주식,해외,0.63,N,11360,-55,-0.48,2026-10-08 10:16
210780,TIGER 코스피고배당,주식,국내,0.29,N,22960,-190,-0.82,2026-10-08 10:16
423920,TIGER 미국필라델피아반도체레버리지(합성),주식,해외,0.58,N,93205,-2375,-2.48,2026-10-08 10:16
0098Z0,FOCUS 200,주식,국내,0.05,N,92100,-1065,-1.14,2026-10-08 10:16
0176P0,FOCUS AI반도체위클리고정커버드콜,주식,국내,0.3,N,14875,175,1.19,2026-10-08 10:16
448570,FOCUS AI코리아액티브,주식,국내,0.455,N,29225,-495,-1.67,2026-10-08 10:16
0073X0,FOCUS 알리바바미국채커버드콜혼합,혼합자산,해외,0.36,Y,8180,-20,-0.24,2026-10-08 10:16
285690,FOCUS ESG리더스,주식,국내,0.095,N,21410,0,0.00,2026-10-08 10:16
0226D0,FOCUS 금융반도체지주채권혼합50액티브,혼합자산,국내,0.4,Y,10185,-15,-0.15,2026-10-08 10:16
278530,KODEX 200TR,주식,국내,0.05,N,39060,-270,-0.69,2026-10-08 10:16
226980,KODEX 200 중소형,주식,국내,0.3,N,22575,-225,-0.99,2026-10-08 10:16
337160,KODEX 200ESG,주식,국내,0.09,N,47415,-295,-0.62,2026-10-08 10:16
363580,KODEX 200IT TR,주식,국내,0.15,N,57610,-695,-1.19,2026-10-08 10:16
337150,KODEX 200exTOP,주식,국내,0.3,N,24260,-500,-2.02,2026-10-08 10:16
223190,KODEX 200가치저변동,주식,국내,0.3,N,26945,-395,-1.44,2026-10-08 10:16
237350,KODEX 코스피100,주식,국내,0.15,N,85990,-625,-0.72,2026-10-08 10:16
252650,KODEX 200동일가중,주식,국내,0.25,N,18150,-275,-1.49,2026-10-08 10:16
360140,KODEX 200롱코스닥150숏선물,주식,국내,0.64,N,20295,-150,-0.73,2026-10-08 10:16
284430,KODEX 200미국채혼합50,혼합자산,국내&해외,0.35,Y,20205,-75,-0.37,2026-10-08 10:16
252670,KODEX 200선물인버스2X,주식,국내,0.64,N,75,2,2.74,2026-10-08 10:16
494890,KODEX 200액티브,주식,국내,0.15,N,31100,-160,-0.51,2026-10-08 10:16
0219E0,KODEX 200커버드콜액티브,주식,국내,0.5,N,8180,-60,-0.73,2026-10-08 10:16
498400,KODEX 200타겟위클리커버드콜,주식,국내,0.39,N,20145,-140,-0.69,2026-10-08 10:16
0117L0,KODEX 26-12 금융채(AA-이상)액티브,채권,국내,0.09,Y,10185,0,0.00,2026-10-08 10:16
473290,KODEX 26-12 회사채(AA-이상)액티브,채권,국내,0.09,Y,10912,7,0.06,2026-10-08 10:16
0007F0,KODEX 27-12 회사채(AA-이상)액티브,채권,국내,0.09,Y,10210,0,0.00,2026-10-08 10:16
0119H0,KODEX 28-12 회사채(AA-이상)액티브,채권,국내,0.09,Y,9952,7,0.07,2026-10-08 10:16
462330,KODEX 2차전지산업레버리지,주식,국내,0.49,N,1218,68,5.91,2026-10-08 10:16
305720,KODEX 2차전지산업,주식,국내,0.45,N,16140,420,2.67,2026-10-08 10:16
461950,KODEX 2차전지핵심소재10,주식,국내,0.39,N,5340,120,2.30,2026-10-08 10:16
457690,KODEX 33-06 국고채액티브,채권,국내,0.15,Y,10540,10,0.09,2026-10-08 10:16
271060,KODEX 3대농산물선물(H),원자재,해외,0.55,N,8730,-90,-1.02,2026-10-08 10:16
457700,KODEX 53-09 국고채액티브,채권,국내,0.15,Y,9345,40,0.43,2026-10-08 10:16
395160,KODEX AI반도체TOP2플러스,주식,국내,0.45,N,41890,-360,-0.85,2026-10-08 10:16
471990,KODEX AI반도체핵심장비,주식,국내,0.39,N,31660,1175,3.85,2026-10-08 10:16
487240,KODEX AI전력핵심설비,주식,국내,0.39,N,34220,-1305,-3.67,2026-10-08 10:16
481050,KODEX CD1년금리플러스액티브(합성),기타,국내,0.05,Y,1022565,90,0.01,2026-10-08 10:16
459580,KODEX CD금리액티브(합성),기타,국내,0.02,Y,1074335,95,0.01,2026-10-08 10:16
439860,KODEX ESG종합채권(A-이상)액티브,채권,국내,0.07,Y,113950,0,0.00,2026-10-08 10:16
266370,KODEX IT,주식,국내,0.45,N,73990,470,0.64,2026-10-08 10:16
101280,KODEX 일본TOPIX100,주식,해외,0.19,N,30040,-375,-1.23,2026-10-08 10:16
368680,KODEX K-뉴딜디지털플러스,주식,국내,0.09,N,7755,0,0.00,2026-10-08 10:16
423160,KODEX KOFR금리액티브(합성),기타,국내,0.05,Y,110770,40,0.04,2026-10-08 10:16
306950,KODEX KRX300레버리지,주식,국내,0.64,N,75665,-1640,-2.12,2026-10-08 10:16
292190,KODEX KRX300,주식,국내,0.05,N,47805,-345,-0.72,2026-10-08 10:16
229720,KODEX KTOP30,주식,국내,0.25,N,36880,-410,-1.10,2026-10-08 10:16
266360,KODEX K콘텐츠,주식,국내,0.45,N,9055,-215,-2.32,2026-10-08 10:16
289040,KODEX MSCI KOREA ESG유니버설,주식,국내,0.3,N,33300,-335,-1.00,2026-10-08 10:16
156080,KODEX MSCI Korea,주식,국내,0.09,N,51500,-460,-0.89,2026-10-08 10:16
278540,KODEX MSCI Korea TR,주식,국내,0.09,N,38500,-400,-1.03,2026-10-08 10:16
251350,KODEX MSCI선진국,주식,해외,0.3,N,37920,-165,-0.43,2026-10-08 10:16
269420,KODEX S&P글로벌인프라(합성),주식,해외,0.26,N,20480,-210,-1.01,2026-10-08 10:16
291890,KODEX MSCI EM선물(H),주식,해외,0.45,N,12295,-205,-1.64,2026-10-08 10:16
0193T0,KODEX SK하이닉스단일종목레버리지,주식,국내,0.29,N,10320,190,1.88,2026-10-08 10:16
329650,KODEX TRF3070,혼합자산,국내&해외,0.24,Y,13970,-20,-0.14,2026-10-08 10:16
329660,KODEX TRF5050,혼합자산,국내&해외,0.17,N,17615,-45,-0.25,2026-10-08 10:16
329670,KODEX TRF7030,혼합자산,국내&해외,0.1,N,21520,-145,-0.67,2026-10-08 10:16
395170,KODEX Top10동일가중,주식,국내,0.15,N,15105,-250,-1.63,2026-10-08 10:16
315930,KODEX Top5PlusTR,주식,국내,0.15,N,76680,-835,-1.08,2026-10-08 10:16
271050,KODEX WTI원유선물인버스(H),원자재,해외,0.35,N,1783,11,0.62,2026-10-08 10:16
261220,KODEX WTI원유선물(H),원자재,해외,0.35,N,26155,-185,-0.70,2026-10-08 10:16
468380,KODEX iShares미국하이일드액티브,채권,해외,0.15,Y,10290,-15,-0.15,2026-10-08 10:16
275290,KODEX 가치주,주식,국내,0.3,N,34260,-270,-0.78,2026-10-08 10:16
300950,KODEX 게임산업,주식,국내,0.45,N,5250,-200,-3.67,2026-10-08 10:16
266390,KODEX 경기소비재,주식,국내,0.45,N,14540,-180,-1.22,2026-10-08 10:16
279530,KODEX 고배당주,주식,국내,0.3,N,17160,-150,-0.87,2026-10-08 10:16
280940,KODEX 골드선물인버스(H),원자재,해외,0.45,N,3635,-10,-0.27,2026-10-08 10:16
132030,KODEX 골드선물(H),원자재,해외,0.68,N,23055,-75,-0.32,2026-10-08 10:16
138910,KODEX 구리선물(H),원자재,해외,0.68,N,10140,145,1.45,2026-10-08 10:16
471230,KODEX 국고채10년액티브,채권,국내,0.015,Y,104070,95,0.09,2026-10-08 10:16
439870,KODEX 국고채30년액티브,채권,국내,0.05,Y,89350,255,0.29,2026-10-08 10:16
114260,KODEX 국고채3년,채권,국내,0.15,Y,61940,20,0.03,2026-10-08 10:16
292770,KODEX 국채선물3년인버스,채권,국내,0.07,N,57940,0,0.00,2026-10-08 10:16
276990,KODEX 글로벌로봇(합성),주식,국내&해외,0.3,N,25095,-500,-1.95,2026-10-08 10:16
476070,KODEX 글로벌비만치료제TOP2 Plus,주식,해외,0.45,N,9920,135,1.38,2026-10-08 10:16
0064K0,KODEX 금액티브,원자재,해외,0.3,N,11520,-65,-0.56,2026-10-08 10:16
0089D0,KODEX 금융고배당TOP10,주식,국내,0.3,N,12755,-260,-2.00,2026-10-08 10:16
498410,KODEX 금융고배당TOP10타겟위클리커버드콜,주식,국내,0.39,N,11140,-200,-1.76,2026-10-08 10:16
0162M0,KODEX 금융채1~2년(AA-이상)PLUS액티브,채권,국내,0.09,Y,10090,10,0.10,2026-10-08 10:16
102960,KODEX 기계장비,주식,국내,0.45,N,12820,-180,-1.38,2026-10-08 10:16
404260,KODEX 기후변화솔루션,주식,국내,0.09,N,24320,-45,-0.18,2026-10-08 10:16
273140,KODEX 단기변동금리부채권액티브,채권,국내,0.15,Y,114765,15,0.01,2026-10-08 10:16
487950,KODEX 대만테크고배당다우존스,주식,해외,0.45,N,12820,-15,-0.12,2026-10-08 10:16
445290,KODEX 로봇액티브,주식,국내,0.5,N,30565,-355,-1.15,2026-10-08 10:16
488770,KODEX 머니마켓액티브,채권,국내,0.05,Y,105790,40,0.04,2026-10-08 10:16
337120,KODEX 멀티팩터,주식,국내,0.3,N,34100,-275,-0.80,2026-10-08 10:16
401470,KODEX 메타버스액티브,주식,국내,0.5,N,9170,-150,-1.61,2026-10-08 10:16
244620,KODEX 모멘텀Plus,주식,국내,0.3,N,21775,200,0.93,2026-10-08 10:16
275280,KODEX 모멘텀주,주식,국내,0.3,N,42775,-580,-1.34,2026-10-08 10:16
308620,KODEX 미국10년국채선물,채권,해외,0.09,Y,10820,-15,-0.14,2026-10-08 10:16
0091C0,KODEX 미국10년국채액티브(H),채권,해외,0.15,Y,9220,10,0.11,2026-10-08 10:16
484790,KODEX 미국30년국채액티브(H),채권,해외,0.015,Y,7735,5,0.06,2026-10-08 10:16
304670,KODEX 미국30년국채울트라선물인버스(H),채권,해외,0.3,N,13230,0,0.00,2026-10-08 10:16
304660,KODEX 미국30년국채울트라선물(H),채권,해외,0.3,Y,6805,-5,-0.07,2026-10-08 10:16
481060,KODEX 미국30년국채타겟커버드콜(합성 H),채권,해외,0.25,Y,6985,10,0.14,2026-10-08 10:16
0173Y0,KODEX 미국AI광통신네트워크,주식,해외,0.55,N,12520,-100,-0.79,2026-10-08 10:16
0238F0,KODEX 미국AI메모리TOP2플러스,주식,해외,0.55,N,10485,260,2.54,2026-10-08 10:16
0151S0,KODEX 미국AI반도체TOP3플러스,주식,해외,0.49,N,15980,-80,-0.50,2026-10-08 10:16
0041D0,KODEX 미국AI소프트웨어TOP10,주식,해외,0.45,N,14100,-240,-1.67,2026-10-08 10:16
487230,KODEX 미국AI전력핵심인프라,주식,해외,0.45,N,20090,-535,-2.59,2026-10-08 10:16
485540,KODEX 미국AI테크TOP10,주식,해외,0.3,N,15790,-70,-0.44,2026-10-08 10:16
483280,KODEX 미국AI테크TOP10타겟커버드콜,주식,해외,0.39,N,11935,-40,-0.33,2026-10-08 10:16
0225V0,KODEX 미국CPU반도체TOP10,주식,해외,0.55,N,11840,-235,-1.95,2026-10-08 10:16
428560,KODEX 미국ETF산업Top10 Indxx,주식,해외,0.5,N,15005,-35,-0.23,2026-10-08 10:16
379800,KODEX 미국S&P500,주식,해외,0.0062,N,23527,-128,-0.54,2026-10-08 10:16
453660,KODEX 미국S&P500경기소비재,주식,해외,0.25,N,16025,-80,-0.50,2026-10-08 10:16
453650,KODEX 미국S&P500금융,주식,해외,0.25,N,17625,-110,-0.62,2026-10-08 10:16
0005A0,KODEX 미국S&P500데일리커버드콜OTM,주식,해외,0.25,N,9105,-30,-0.33,2026-10-08 10:16
276970,KODEX 미국S&P500배당귀족커버드콜(합성 H),주식,해외,0.3,N,7460,-50,-0.67,2026-10-08 10:16
0026E0,KODEX 미국S&P500버퍼3월액티브,주식,해외,0.39,N,11440,-45,-0.39,2026-10-08 10:16
0068M0,KODEX 미국S&P500버퍼6월액티브,주식,해외,0.39,N,11485,-145,-1.25,2026-10-08 10:16
0089C0,KODEX 미국S&P500변동성확대시커버드콜,주식,해외,0.39,N,11200,-65,-0.58,2026-10-08 10:16
200030,KODEX 미국S&P500산업재(합성),주식,해외,0.25,N,38665,-1025,-2.58,2026-10-08 10:16
0041E0,KODEX 미국S&P500액티브,주식,해외,0.45,N,16255,-105,-0.64,2026-10-08 10:16
218420,KODEX 미국S&P500에너지(합성),주식,해외,0.25,N,19840,-200,-1.00,2026-10-08 10:16
463640,KODEX 미국S&P500유틸리티,주식,해외,0.25,N,12805,-135,-1.04,2026-10-08 10:16
449180,KODEX 미국S&P500(H),주식,해외,0.0099,N,17405,-65,-0.37,2026-10-08 10:16
463690,KODEX 미국S&P500커뮤니케이션,주식,해외,0.25,N,17155,-165,-0.95,2026-10-08 10:16
463680,KODEX 미국S&P500테크놀로지,주식,해외,0.25,N,23235,-30,-0.13,2026-10-08 10:16
453630,KODEX 미국S&P500필수소비재,주식,해외,0.25,N,11550,-90,-0.77,2026-10-08 10:16
453640,KODEX 미국S&P500헬스케어,주식,해외,0.25,N,13665,100,0.74,2026-10-08 10:16
0028X0,KODEX 미국금융테크액티브,주식,해외,0.45,N,11045,-110,-0.99,2026-10-08 10:16
379810,KODEX 미국나스닥100,주식,해외,0.0062,N,27600,-110,-0.40,2026-10-08 10:16
494300,KODEX 미국나스닥100데일리커버드콜OTM,주식,해외,0.25,N,8930,-35,-0.39,2026-10-08 10:16
409820,KODEX 미국나스닥100레버리지(합성 H),주식,해외,0.3,N,22155,-70,-0.31,2026-10-08 10:16
409810,KODEX 미국나스닥100선물인버스(H),주식,해외,0.3,N,5265,10,0.19,2026-10-08 10:16
304940,KODEX 미국나스닥100선물(H),주식,해외,0.05,N,34160,-60,-0.18,2026-10-08 10:16
449190,KODEX 미국나스닥100(H),주식,해외,0.0099,N,23425,-40,-0.17,2026-10-08 10:16
411420,KODEX 미국나스닥AI테크액티브,주식,해외,0.5,N,27515,-225,-0.81,2026-10-08 10:16
455030,KODEX 미국달러SOFR금리액티브(합성),기타,해외,0.15,Y,11475,5,0.04,2026-10-08 10:16
261250,KODEX 미국달러선물레버리지,통화,국내,0.45,N,14965,-50,-0.33,2026-10-08 10:16
261260,KODEX 미국달러선물인버스2X,통화,국내,0.45,N,5680,25,0.44,2026-10-08 10:16
261270,KODEX 미국달러선물인버스,통화,국내,0.45,N,8365,15,0.18,2026-10-08 10:16
261240,KODEX 미국달러선물,통화,국내,0.25,N,13850,-30,-0.22,2026-10-08 10:16
0144M0,KODEX 미국드론UAM TOP10,주식,해외,0.49,N,6015,-120,-1.96,2026-10-08 10:16
280930,KODEX 미국러셀2000(H),주식,해외,0.45,N,15755,-180,-1.13,2026-10-08 10:16
0048J0,KODEX 미국머니마켓액티브,채권,해외,0.05,Y,13330,-35,-0.26,2026-10-08 10:16
390390,KODEX 미국반도체,주식,해외,0.09,N,56920,-695,-1.21,2026-10-08 10:16
489250,KODEX 미국배당다우존스,주식,해외,0.0099,N,11940,-115,-0.95,2026-10-08 10:16
483290,KODEX 미국배당다우존스타겟커버드콜,주식,해외,0.39,N,9430,-50,-0.53,2026-10-08 10:16
441640,KODEX 미국배당커버드콜액티브,주식,해외,0.19,N,12105,-75,-0.62,2026-10-08 10:16
352560,KODEX 미국부동산리츠(H),부동산,해외,0.09,N,11200,-110,-0.97,2026-10-08 10:16
314250,KODEX 미국빅테크10(H),주식,해외,0.45,N,65775,435,0.67,2026-10-08 10:16
473460,KODEX 미국서학개미,주식,해외,0.25,N,24310,-90,-0.37,2026-10-08 10:16
0144L0,KODEX 미국성장커버드콜액티브,주식,해외,0.49,N,9510,-25,-0.26,2026-10-08 10:16
390400,KODEX 미국스마트모빌리티S&P,주식,해외,0.09,N,6445,-100,-1.53,2026-10-08 10:16
0167Z0,KODEX 미국우주항공,주식,해외,0.55,N,7567,-228,-2.92,2026-10-08 10:16
0132H0,KODEX 미국원자력SMR,주식,해외,0.45,N,6855,-360,-4.99,2026-10-08 10:16
437080,KODEX 미국종합채권ESG액티브(H),채권,해외,0.18,Y,94010,85,0.09,2026-10-08 10:16
419420,KODEX 미국클린에너지나스닥,주식,해외,0.45,N,8730,-215,-2.40,2026-10-08 10:16
491090,KODEX 미국테크TOP3플러스,주식,해외,0.3,N,18515,-45,-0.24,2026-10-08 10:16
0038A0,KODEX 미국휴머노이드로봇,주식,해외,0.45,N,15410,-210,-1.34,2026-10-08 10:16
244580,KODEX 바이오,주식,국내,0.45,N,8160,-280,-3.32,2026-10-08 10:16
091160,KODEX 반도체,주식,국내,0.45,N,148800,4085,2.82,2026-10-08 10:16
494310,KODEX 반도체레버리지,주식,국내,0.49,N,103660,5260,5.35,2026-10-08 10:16
0190G0,KODEX 반도체타겟위클리커버드콜,주식,국내,0.45,N,10270,265,2.65,2026-10-08 10:16
0100K0,KODEX 방산TOP10레버리지,주식,국내,0.64,N,4895,-470,-8.76,2026-10-08 10:16
0080G0,KODEX 방산TOP10,주식,국내,0.45,N,9170,-365,-3.83,2026-10-08 10:16
325020,KODEX 배당가치,주식,국내,0.3,N,28275,-375,-1.31,2026-10-08 10:16
244670,KODEX 밸류Plus,주식,국내,0.3,N,11565,-35,-0.30,2026-10-08 10:16
102780,KODEX 삼성그룹,주식,국내,0.25,N,26300,-275,-1.03,2026-10-08 10:16
0177N0,KODEX 삼성전자SK하이닉스채권혼합50,혼합자산,국내,0.07,Y,14410,35,0.24,2026-10-08 10:16
0193W0,KODEX 삼성전자단일종목레버리지,주식,국내,0.29,N,12620,-95,-0.75,2026-10-08 10:16
448330,KODEX 삼성전자채권혼합,혼합자산,국내,0.07,Y,17615,-50,-0.28,2026-10-08 10:16
325010,KODEX 성장주,주식,국내,0.3,N,43470,-195,-0.45,2026-10-08 10:16
385510,KODEX 신재생에너지액티브,주식,국내,0.5,N,41450,235,0.57,2026-10-08 10:16
446690,KODEX 아시아AI반도체exChina액티브,주식,해외,0.5,N,65325,-50,-0.08,2026-10-08 10:16
437070,KODEX 아시아달러채권ESG플러스액티브,채권,해외,0.18,Y,55815,-5,-0.01,2026-10-08 10:16
275300,KODEX 우량주,주식,국내,0.3,N,29795,-505,-1.67,2026-10-08 10:16
0098F0,KODEX 원자력SMR,주식,국내,0.45,N,14655,-705,-4.59,2026-10-08 10:16
395150,KODEX 웹툰&드라마,주식,국내,0.45,N,1797,-23,-1.26,2026-10-08 10:16
456250,KODEX 유럽명품TOP10 STOXX,주식,해외,0.45,N,7495,-15,-0.20,2026-10-08 10:16
400570,KODEX 유럽탄소배출권선물ICE(H),기타,해외,0.64,N,11625,65,0.56,2026-10-08 10:16
144600,KODEX 은선물(H),원자재,해외,0.68,N,9725,-80,-0.82,2026-10-08 10:16
091170,KODEX 은행,주식,국내,0.3,N,15435,-290,-1.84,2026-10-08 10:16
453820,KODEX 인도Nifty50레버리지(합성),주식,해외,0.39,N,9260,-185,-1.96,2026-10-08 10:16
453810,KODEX 인도Nifty50,주식,해외,0.19,N,10460,-70,-0.66,2026-10-08 10:16
0000H0,KODEX 인도Nifty미드캡100,주식,해외,0.45,N,9320,-60,-0.64,2026-10-08 10:16
477730,KODEX 인도타타그룹,주식,해외,0.45,N,6600,-45,-0.68,2026-10-08 10:16
352540,KODEX 일본부동산리츠(H),부동산,해외,0.3,N,10400,-100,-0.95,2026-10-08 10:16
091180,KODEX 자동차,주식,국내,0.45,N,24975,-200,-0.79,2026-10-08 10:16
385520,KODEX 자율주행액티브,주식,국내,0.5,N,16460,145,0.89,2026-10-08 10:16
363570,KODEX 장기종합채권(AA-이상)액티브,채권,국내,0.045,Y,87530,165,0.19,2026-10-08 10:16
433970,KODEX TDF2030액티브 적격,혼합자산,국내&해외,0.2,Y,13855,-60,-0.43,2026-10-08 10:16
433980,KODEX TDF2040액티브 적격,혼합자산,국내&해외,0.25,Y,15660,-95,-0.60,2026-10-08 10:16
434060,KODEX TDF2050액티브 적격,혼합자산,국내&해외,0.3,Y,16645,-155,-0.92,2026-10-08 10:16
0082V0,KODEX TDF2060액티브 적격,혼합자산,국내&해외,0.3,Y,11145,-75,-0.67,2026-10-08 10:16
0209D0,KODEX 전고체배터리ESS TOP2플러스,주식,국내,0.5,N,9390,285,3.13,2026-10-08 10:16
0115D0,KODEX 조선TOP10,주식,국내,0.45,N,6650,-195,-2.85,2026-10-08 10:16
273130,KODEX 종합채권(AA-이상)액티브,채권,국내,0.045,Y,110565,120,0.11,2026-10-08 10:16
0153K0,KODEX 주주환원고배당주,주식,국내,0.33,N,11810,-145,-1.21,2026-10-08 10:16
102970,KODEX 증권,주식,국내,0.45,N,16635,-505,-2.95,2026-10-08 10:16
419430,KODEX 차이나2차전지MSCI(합성),주식,해외,0.25,N,7805,-55,-0.70,2026-10-08 10:16
0162L0,KODEX 차이나AI반도체TOP10,주식,해외,0.55,N,12150,40,0.33,2026-10-08 10:16
428510,KODEX 차이나AI테크액티브,주식,해외,0.5,N,22440,-50,-0.22,2026-10-08 10:16
283580,KODEX 차이나CSI300,주식,해외,0.12,N,13980,5,0.04,2026-10-08 10:16
169950,KODEX 차이나A50,주식,해외,0.12,N,23665,155,0.66,2026-10-08 10:16
204450,KODEX 차이나H레버리지(H),주식,해외,0.64,N,2105,5,0.24,2026-10-08 10:16
099140,KODEX 차이나H,주식,해외,0.12,N,19740,-35,-0.18,2026-10-08 10:16
415340,KODEX 차이나과창판STAR50(합성),주식,해외,0.09,N,12720,-30,-0.24,2026-10-08 10:16
256750,KODEX 차이나심천ChiNext(합성),주식,해외,0.47,N,13567,-33,-0.24,2026-10-08 10:16
0065G0,KODEX 차이나테크TOP10,주식,해외,0.45,N,7800,5,0.06,2026-10-08 10:16
372330,KODEX 차이나항셍테크,주식,해외,0.12,N,6090,-10,-0.16,2026-10-08 10:16
0048K0,KODEX 차이나휴머노이드로봇,주식,해외,0.45,N,7540,-20,-0.26,2026-10-08 10:16
279540,KODEX 최소변동성,주식,국내,0.3,N,21665,-50,-0.23,2026-10-08 10:16
445150,KODEX 친환경조선해운액티브,주식,국내,0.5,N,26470,-515,-1.91,2026-10-08 10:16
211900,KODEX 코리아배당성장,주식,국내,0.15,N,26905,-485,-1.77,2026-10-08 10:16
237370,KODEX 코리아배당성장채권혼합,혼합자산,국내,0.19,Y,15465,-75,-0.48,2026-10-08 10:16
495850,KODEX 코리아밸류업,주식,국내,0.008,N,31020,-440,-1.40,2026-10-08 10:16
0115E0,KODEX 코리아소버린AI,주식,국내,0.45,N,14020,-140,-0.99,2026-10-08 10:16
0231Z0,KODEX 코리아TDF2065액티브 적격,혼합자산,국내,0.27,Y,10255,-70,-0.68,2026-10-08 10:16
373490,KODEX 코리아혁신성장액티브,주식,국내,0.5,N,25810,-40,-0.15,2026-10-08 10:16
229200,KODEX 코스닥150,주식,국내,0.25,N,15390,45,0.29,2026-10-08 10:16
233740,KODEX 코스닥150레버리지,주식,국내,0.64,N,8220,40,0.49,2026-10-08 10:16
360150,KODEX 코스닥150롱코스피200숏선물,주식,국내,0.64,N,3410,25,0.74,2026-10-08 10:16
251340,KODEX 코스닥150선물인버스,주식,국내,0.64,N,2190,5,0.23,2026-10-08 10:16
461450,KODEX 코스닥글로벌,주식,국내,0.09,N,16785,160,0.96,2026-10-08 10:16
226490,KODEX 코스피,주식,국내,0.15,N,69770,-445,-0.63,2026-10-08 10:16
359210,KODEX 코스피TR,주식,국내,0.07,N,35240,-270,-0.76,2026-10-08 10:16
337140,KODEX 코스피대형주,주식,국내,0.15,N,35905,-325,-0.90,2026-10-08 10:16
138920,KODEX 콩선물(H),원자재,해외,0.68,N,12790,-125,-0.97,2026-10-08 10:16
244660,KODEX 퀄리티Plus,주식,국내,0.3,N,9370,0,0.00,2026-10-08 10:16
375770,KODEX 탄소효율그린뉴딜,주식,국내,0.09,N,24455,-320,-1.29,2026-10-08 10:16
459560,KODEX 테슬라밸류체인FactSet,주식,해외,0.18,N,22295,-605,-2.64,2026-10-08 10:16
475080,KODEX 테슬라커버드콜채권혼합액티브,혼합자산,국내&해외,0.39,Y,7835,-5,-0.06,2026-10-08 10:16
266410,KODEX 필수소비재,주식,국내,0.45,N,9420,-230,-2.38,2026-10-08 10:16
298770,KODEX 한국대만IT프리미어,주식,국내&해외,0.55,N,84000,-830,-0.98,2026-10-08 10:16
476800,KODEX 한국부동산리츠인프라,부동산,국내,0.09,N,4195,-5,-0.12,2026-10-08 10:16
450190,KODEX 한중반도체(합성),주식,국내&해외,0.25,N,48935,265,0.54,2026-10-08 10:16
450180,KODEX 한중전기차(합성),주식,국내&해외,0.25,N,10170,0,0.00,2026-10-08 10:16
266420,KODEX 헬스케어,주식,국내,0.09,N,15800,-650,-3.95,2026-10-08 10:16
364690,KODEX 혁신기술테마액티브,주식,국내,0.3,N,38415,-580,-1.49,2026-10-08 10:16
0204D0,KODEX 현대차로보틱스밸류체인TOP3플러스,주식,국내&해외,0.5,N,5325,-125,-2.29,2026-10-08 10:16
069500,KODEX 200,주식,국내,0.15,N,107900,-650,-0.60,2026-10-08 10:16
321410,KODEX 멀티에셋하이인컴(H),혼합자산,해외,0.25,N,10390,50,0.48,2026-10-08 10:16
219480,KODEX 미국S&P500선물(H),주식,해외,0.05,N,33550,-120,-0.36,2026-10-08 10:16
468370,KODEX iShares미국인플레이션국채액티브,채권,해외,0.1,Y,10035,0,0.00,2026-10-08 10:16
468630,KODEX iShares미국투자등급회사채액티브,채권,해외,0.1,Y,10150,10,0.10,2026-10-08 10:16
176950,KODEX 국채선물10년인버스,채권,국내,0.07,N,60540,-105,-0.17,2026-10-08 10:16
152380,KODEX 국채선물10년,채권,국내,0.07,Y,65010,95,0.15,2026-10-08 10:16
117700,KODEX 건설,주식,국내,0.45,N,6445,-195,-2.94,2026-10-08 10:16
214980,KODEX 단기채권PLUS,채권,국내,0.15,Y,114635,25,0.02,2026-10-08 10:16
153130,KODEX 단기채권,채권,국내,0.15,Y,113330,0,0.00,2026-10-08 10:16
122630,KODEX 레버리지,주식,국내,0.64,N,105915,-1315,-1.23,2026-10-08 10:16
185680,KODEX 미국S&P바이오(합성),주식,해외,0.25,N,42730,-170,-0.40,2026-10-08 10:16
140700,KODEX 보험,주식,국내,0.45,N,20040,-280,-1.38,2026-10-08 10:16
213610,KODEX 삼성그룹밸류,주식,국내,0.09,N,21925,-320,-1.44,2026-10-08 10:16
117460,KODEX 에너지화학,주식,국내,0.45,N,14805,65,0.44,2026-10-08 10:16
140710,KODEX 운송,주식,국내,0.45,N,6535,-145,-2.17,2026-10-08 10:16
114800,KODEX 인버스,주식,국내,0.64,N,1015,7,0.69,2026-10-08 10:16
117680,KODEX 철강,주식,국내,0.45,N,11995,145,1.22,2026-10-08 10:16
487130,KoAct AI인프라액티브,주식,국내,0.5,N,31685,280,0.89,2026-10-08 10:16
0074K0,KoAct K수출핵심기업TOP30액티브,주식,국내,0.5,N,17205,-245,-1.40,2026-10-08 10:16
0222D0,KoAct 고배당액티브,주식,국내,0.5,N,9930,-140,-1.39,2026-10-08 10:16
0219B0,KoAct 광통신&위성네트워크액티브,주식,국내,0.5,N,12700,-125,-0.97,2026-10-08 10:16
471040,KoAct 글로벌AI&로봇액티브,주식,국내&해외,0.5,N,30520,-50,-0.16,2026-10-08 10:16
0174B0,KoAct 글로벌AI메모리반도체액티브,주식,국내&해외,0.5,N,15385,140,0.92,2026-10-08 10:16
0132D0,KoAct 글로벌K컬처밸류체인액티브,주식,국내&해외,0.5,N,8965,-150,-1.65,2026-10-08 10:16
0020H0,KoAct 글로벌양자컴퓨팅액티브,주식,국내&해외,0.5,N,21970,-300,-1.35,2026-10-08 10:16
475070,KoAct 글로벌친환경전력인프라액티브,주식,국내&해외,0.5,N,29800,-685,-2.25,2026-10-08 10:16
0015B0,KoAct 미국나스닥성장기업액티브,주식,해외,0.5,N,19590,-185,-0.94,2026-10-08 10:16
0104H0,KoAct 미국나스닥채권혼합50액티브,혼합자산,국내&해외,0.25,Y,12005,-65,-0.54,2026-10-08 10:16
0186L0,KoAct 미국로봇피지컬AI액티브,주식,해외,0.5,N,9580,-45,-0.47,2026-10-08 10:16
0113G0,KoAct 미국바이오헬스케어액티브,주식,해외,0.5,N,10960,75,0.69,2026-10-08 10:16
497780,KoAct 미국천연가스인프라액티브,주식,해외,0.5,N,9805,-135,-1.36,2026-10-08 10:16
490330,KoAct 미국치매&뇌질환치료제액티브,주식,해외,0.5,N,12730,-35,-0.27,2026-10-08 10:16
462900,KoAct 바이오헬스케어액티브,주식,국내,0.5,N,12680,-530,-4.01,2026-10-08 10:16
482030,KoAct 반도체&2차전지핵심소재액티브,주식,국내,0.5,N,10235,155,1.54,2026-10-08 10:16
476850,KoAct 배당성장액티브,주식,국내,0.5,N,21570,-225,-1.03,2026-10-08 10:16
0051A0,KoAct 브로드컴밸류체인액티브,주식,해외,0.5,N,25230,-75,-0.30,2026-10-08 10:16
0150K0,KoAct 수소전력ESS인프라액티브,주식,국내,0.5,N,11705,0,0.00,2026-10-08 10:16
0154H0,KoAct 차이나바이오헬스케어액티브,주식,해외,0.5,N,8790,15,0.17,2026-10-08 10:16
495230,KoAct 코리아밸류업액티브,주식,국내,0.5,N,30810,-195,-0.63,2026-10-08 10:16
0163Y0,KoAct 코스닥액티브,주식,국내,0.5,N,11035,220,2.03,2026-10-08 10:16
0193G0,KoAct 코스피액티브,주식,국내,0.5,N,8310,-115,-1.36,2026-10-08 10:16
0093D0,KoAct 팔란티어밸류체인액티브,주식,국내&해외,0.5,N,18735,25,0.13,2026-10-08 10:16
411540,SOL 200 Top10,주식,국내,0.15,N,15970,-395,-2.41,2026-10-08 10:16
295040,SOL 200TR,주식,국내,0.01,N,40430,-275,-0.68,2026-10-08 10:16
0167B0,SOL 200타겟위클리커버드콜,주식,국내,0.3,N,11540,-70,-0.60,2026-10-08 10:16
488980,SOL 26-12 회사채(AA-이상)액티브,채권,국내,0.05,Y,52295,0,0.00,2026-10-08 10:16
0092C0,SOL 27-12 회사채(AA-이상)액티브,채권,국내,0.05,Y,50395,0,0.00,2026-10-08 10:16
455860,SOL 2차전지소부장Fn,주식,국내,0.45,N,4865,105,2.21,2026-10-08 10:16
0167A0,SOL AI반도체TOP2플러스,주식,국내,0.45,N,19020,65,0.34,2026-10-08 10:16
455850,SOL AI반도체소부장,주식,국내,0.45,N,31445,1135,3.74,2026-10-08 10:16
497880,SOL CD금리&머니마켓액티브,채권,국내,0.05,Y,50075,0,0.00,2026-10-08 10:16
363510,SOL KIS단기통안채,채권,국내,0.07,Y,112440,0,0.00,2026-10-08 10:16
292500,SOL KRX300,주식,국내,0.05,N,48940,-615,-1.24,2026-10-08 10:16
404650,SOL KRX기후변화솔루션,주식,국내,0.15,N,24165,45,0.19,2026-10-08 10:16
490480,SOL K방산,주식,국내,0.45,N,25150,-1115,-4.25,2026-10-08 10:16
0197W0,SOL SK하이닉스단일종목레버리지,주식,국내,0.1,N,8640,170,2.01,2026-10-08 10:16
0197X0,SOL SK하이닉스선물단일종목인버스2X,주식,국내,0.1,N,6090,-115,-1.85,2026-10-08 10:16
438570,SOL 국고채10년,채권,국내,0.05,Y,98585,205,0.21,2026-10-08 10:16
474390,SOL 국고채30년액티브,채권,국내,0.05,Y,41405,140,0.34,2026-10-08 10:16
438560,SOL 국고채3년,채권,국내,0.05,Y,100745,90,0.09,2026-10-08 10:16
0022T0,SOL 국제금커버드콜액티브,원자재,해외,0.45,N,11902,-83,-0.69,2026-10-08 10:16
0066W0,SOL 국제금,원자재,해외,0.05,N,11655,-65,-0.55,2026-10-08 10:16
423170,SOL 글로벌AI반도체탑픽액티브,주식,국내&해외,0.55,N,60105,-90,-0.15,2026-10-08 10:16
400590,SOL 글로벌탄소배출권선물ICE(합성),기타,해외,0.55,N,13705,170,1.26,2026-10-08 10:16
484880,SOL 금융지주플러스고배당,주식,국내,0.3,N,21430,-450,-2.06,2026-10-08 10:16
484890,SOL 머니마켓액티브,채권,국내,0.05,Y,52705,0,0.00,2026-10-08 10:16
461600,SOL 미국30년국채액티브(H),채권,해외,0.05,Y,7840,-5,-0.06,2026-10-08 10:16
473330,SOL 미국30년국채커버드콜(합성),채권,해외,0.25,Y,7260,0,0.00,2026-10-08 10:16
494210,SOL 미국500타겟데일리커버드콜액티브,주식,해외,0.35,N,10610,-50,-0.47,2026-10-08 10:16
479620,SOL 미국AI반도체칩메이커,주식,해외,0.45,N,27380,-375,-1.35,2026-10-08 10:16
481180,SOL 미국AI소프트웨어,주식,해외,0.45,N,16605,-220,-1.31,2026-10-08 10:16
486450,SOL 미국AI전력인프라,주식,해외,0.45,N,19025,-410,-2.11,2026-10-08 10:16
433330,SOL 미국S&P500,주식,해외,0.0047,N,21590,-110,-0.51,2026-10-08 10:16
399110,SOL 미국S&P500ESG,주식,해외,0.15,N,20440,-90,-0.44,2026-10-08 10:16
0080X0,SOL 미국S&P500미국채혼합50,혼합자산,해외,0.15,Y,10530,-70,-0.66,2026-10-08 10:16
499150,SOL 미국S&P500엔화노출(H),주식,해외,0.15,N,10795,30,0.28,2026-10-08 10:16
447620,SOL 미국TOP5채권혼합50,혼합자산,국내&해외,0.25,Y,15960,-5,-0.03,2026-10-08 10:16
476030,SOL 미국나스닥100,주식,해외,0.0055,N,17490,-70,-0.40,2026-10-08 10:16
0118S0,SOL 미국넥스트테크TOP10액티브,주식,해외,0.55,N,10750,-95,-0.88,2026-10-08 10:16
493420,SOL 미국배당다우존스2호,주식,해외,0.01,N,11765,-90,-0.76,2026-10-08 10:16
446720,SOL 미국배당다우존스,주식,해외,0.01,N,12685,-125,-0.98,2026-10-08 10:16
490490,SOL 미국배당미국채혼합50,혼합자산,해외,0.15,Y,10290,-65,-0.63,2026-10-08 10:16
0023A0,SOL 미국양자컴퓨팅TOP10,주식,해외,0.45,N,22740,-415,-1.79,2026-10-08 10:16
0181L0,SOL 미국우주항공TOP10,주식,해외,0.45,N,7185,-225,-3.04,2026-10-08 10:16
0051G0,SOL 미국원자력SMR,주식,해외,0.45,N,12165,-275,-2.21,2026-10-08 10:16
481190,SOL 미국테크TOP10,주식,해외,0.05,N,17335,-10,-0.06,2026-10-08 10:16
475300,SOL 반도체전공정,주식,국내,0.45,N,27645,1130,4.26,2026-10-08 10:16
475310,SOL 반도체후공정,주식,국내,0.45,N,33985,1115,3.39,2026-10-08 10:16
0152E0,SOL 배당성향탑픽액티브,주식,국내,0.3,N,10435,-115,-1.09,2026-10-08 10:16
0207G0,SOL 우주항공밸류체인,주식,국내,0.45,N,8115,25,0.31,2026-10-08 10:16
400580,SOL 유럽탄소배출권선물S&P(H),기타,해외,0.55,N,11965,110,0.93,2026-10-08 10:16
464610,SOL 의료기기소부장Fn,주식,국내,0.45,N,6940,-160,-2.25,2026-10-08 10:16
466930,SOL 자동차TOP3플러스,주식,국내,0.45,N,22550,-505,-2.19,2026-10-08 10:16
464600,SOL 자동차소부장Fn,주식,국내,0.45,N,24675,15,0.06,2026-10-08 10:16
0005D0,SOL 전고체배터리&실리콘음극재,주식,국내,0.45,N,17380,595,3.54,2026-10-08 10:16
0080Y0,SOL 조선TOP3플러스레버리지,주식,국내,0.5,N,6520,-355,-5.16,2026-10-08 10:16
466920,SOL 조선TOP3플러스,주식,국내,0.45,N,24190,-675,-2.71,2026-10-08 10:16
0141S0,SOL 조선기자재,주식,국내,0.45,N,7855,-330,-4.03,2026-10-08 10:16
0141T0,SOL 중기종합채권(AA-이상)액티브,채권,국내,0.05,Y,50445,35,0.07,2026-10-08 10:16
0016X0,SOL 중단기회사채(A-이상)액티브,채권,국내,0.05,Y,51660,10,0.02,2026-10-08 10:16
220130,SOL 차이나강소기업CSI500(합성 H),주식,해외,0.6,N,6550,0,0.00,2026-10-08 10:16
0131A0,SOL 차이나소비트렌드,주식,해외,0.45,N,6810,-90,-1.30,2026-10-08 10:16
415760,SOL 차이나육성산업액티브(합성),주식,해외,0.55,N,11805,10,0.08,2026-10-08 10:16
413220,SOL 차이나태양광CSI(합성),주식,해외,0.5,N,4120,-5,-0.12,2026-10-08 10:16
469830,SOL 초단기채권액티브,채권,국내,0.05,Y,54585,10,0.02,2026-10-08 10:16
0105E0,SOL 코리아고배당,주식,국내,0.15,N,12450,-165,-1.31,2026-10-08 10:16
444200,SOL 코리아메가테크액티브,주식,국내,0.55,N,43540,-340,-0.77,2026-10-08 10:16
495550,SOL 코리아밸류업TR,주식,국내,0.05,N,31790,-635,-1.96,2026-10-08 10:16
450910,SOL 코스닥150,주식,국내,0.15,N,15000,-15,-0.10,2026-10-08 10:16
0192T0,SOL 코스닥TOP10,주식,국내,0.15,N,7670,-10,-0.13,2026-10-08 10:16
0192S0,SOL 코스피200채권혼합50,혼합자산,국내,0.15,Y,9415,15,0.16,2026-10-08 10:16
0040X0,SOL 팔란티어미국채커버드콜혼합,혼합자산,해외,0.35,Y,8975,10,0.11,2026-10-08 10:16
0040Y0,SOL 팔란티어커버드콜OTM채권혼합,혼합자산,국내&해외,0.35,Y,7905,30,0.38,2026-10-08 10:16
0105D0,SOL 한국AI소프트웨어,주식,국내,0.45,N,8660,-155,-1.76,2026-10-08 10:16
0092B0,SOL 한국원자력SMR,주식,국내,0.45,N,14560,-625,-4.12,2026-10-08 10:16
429980,SOL 한국형글로벌전기차&2차전지액티브,주식,국내&해외,0.55,N,17210,-180,-1.04,2026-10-08 10:16
0008T0,SOL 화장품TOP3플러스,주식,국내,0.45,N,16690,-655,-3.78,2026-10-08 10:16
452360,SOL 미국배당다우존스(H),주식,해외,0.05,N,12765,-115,-0.89,2026-10-08 10:16
436140,SOL 종합채권(AA-이상)액티브,채권,국내,0.04,Y,106975,150,0.14,2026-10-08 10:16
462340,에셋플러스 글로벌다이나믹시니어액티브,주식,해외,0.99,N,16225,10,0.06,2026-10-08 10:16
433220,에셋플러스 글로벌대장장이액티브,주식,해외,0.99,N,29650,-410,-1.36,2026-10-08 10:16
451150,에셋플러스 글로벌영에이지액티브,주식,해외,0.99,N,16730,-15,-0.09,2026-10-08 10:16
477490,에셋플러스 글로벌일등기업포커스10액티브,주식,해외,0.99,N,18920,-80,-0.42,2026-10-08 10:16
407830,에셋플러스 글로벌플랫폼액티브,주식,해외,0.99,N,14545,-140,-0.95,2026-10-08 10:16
0002C0,에셋플러스 인도일등기업포커스20액티브,주식,해외,0.99,N,10000,-25,-0.25,2026-10-08 10:16
474920,에셋플러스 차이나일등기업포커스10액티브,주식,해외,0.99,N,17100,-75,-0.44,2026-10-08 10:16
442090,에셋플러스 코리아대장장이액티브,주식,국내,0.975,N,32000,20,0.06,2026-10-08 10:16
407820,에셋플러스 코리아플랫폼액티브,주식,국내,0.975,N,6010,-80,-1.31,2026-10-08 10:16
448100,WON 200,주식,국내,0.05,N,110330,-780,-0.70,2026-10-08 10:16
413930,WON AI ESG액티브,주식,국내,0.31,N,27075,-315,-1.15,2026-10-08 10:16
0088N0,WON K-글로벌수급상위,주식,국내,0.69,N,11665,-10,-0.09,2026-10-08 10:16
458030,WON 국공채머니마켓액티브,채권,국내,0.065,Y,55220,10,0.02,2026-10-08 10:16
426150,WON 대한민국국고채액티브,채권,국내,0.07,Y,51690,85,0.16,2026-10-08 10:16
0177A0,WON 두산그룹포커스,주식,국내,0.33,N,9140,-220,-2.35,2026-10-08 10:16
444490,WON 미국S&P500,주식,해외,0.05,N,19870,-105,-0.53,2026-10-08 10:16
489290,WON 미국빌리어네어,주식,해외,0.49,N,14880,5,0.03,2026-10-08 10:16
440910,WON 미국우주항공방산,주식,해외,0.35,N,20850,-640,-2.98,2026-10-08 10:16
474590,WON 반도체밸류체인액티브,주식,국내,0.31,N,50800,425,0.84,2026-10-08 10:16
0203S0,WON 삼성전자현대차채권혼합50,혼합자산,국내,0.18,Y,8335,-90,-1.07,2026-10-08 10:16
496020,WON 전단채플러스액티브,채권,국내,0.05,Y,52670,5,0.01,2026-10-08 10:16
488720,WON 종합채권(AA-이상)액티브,채권,국내,0.045,Y,48905,0,0.00,2026-10-08 10:16
0203R0,WON 중단기종합채권(A-이상)액티브,채권,국내,0.091,Y,50545,0,0.00,2026-10-08 10:16
0154F0,WON 초대형IB&금융지주,주식,국내,0.29,N,11605,-220,-1.86,2026-10-08 10:16
0226G0,WON 피지컬AI TOP2플러스액티브,주식,국내,0.49,N,12160,-65,-0.53,2026-10-08 10:16
480460,WON 한국부동산TOP3플러스,부동산,국내,0.25,N,9125,25,0.27,2026-10-08 10:16
108590,TREX 200,주식,국내,0.325,N,107085,-1035,-0.96,2026-10-08 10:16
145850,TREX 펀더멘탈 200,주식,국내,0.34,N,115900,0,0.00,2026-10-08 10:16
483570,KCGI 미국S&P500 TOP10,주식,해외,0.36,N,16155,55,0.34,2026-10-08 10:16
153270,KIWOOM 코스피100,주식,국내,0.195,N,83055,-585,-0.70,2026-10-08 10:16
167860,KIWOOM 국고채10년레버리지,채권,국내,0.3,N,92320,340,0.37,2026-10-08 10:16
148070,KIWOOM 국고채10년,채권,국내,0.05,Y,104855,85,0.08,2026-10-08 10:16
069660,KIWOOM 200,주식,국내,0.05,N,107800,-660,-0.61,2026-10-08 10:16
294400,KIWOOM 200TR,주식,국내,0.012,N,141530,-970,-0.68,2026-10-08 10:16
253250,KIWOOM 200선물레버리지,주식,국내,0.46,N,96505,-1310,-1.34,2026-10-08 10:16
253230,KIWOOM 200선물인버스2X,주식,국내,0.46,N,75,1,1.35,2026-10-08 10:16
253240,KIWOOM 200선물인버스,주식,국내,0.46,N,1312,2,0.15,2026-10-08 10:16
458210,KIWOOM CD금리액티브(합성),기타,국내,0.03,Y,110970,10,0.01,2026-10-08 10:16
100910,KIWOOM KRX100,주식,국내,0.23,N,16905,-145,-0.85,2026-10-08 10:16
200250,KIWOOM 인도Nifty50(합성),주식,해외,0.29,N,19150,-155,-0.80,2026-10-08 10:16
0194R0,KIWOOM SK하이닉스선물단일종목레버리지,주식,국내,0.25,N,8560,135,1.60,2026-10-08 10:16
0084E0,KIWOOM 미국대형주500월간목표헤지액티브,혼합자산,해외,0.49,N,9905,-30,-0.30,2026-10-08 10:16
0084D0,KIWOOM 미국테크100월간목표헤지액티브,혼합자산,해외,0.49,N,11245,-30,-0.27,2026-10-08 10:16
114470,KIWOOM 국고채3년,채권,국내,0.05,Y,107765,70,0.06,2026-10-08 10:16
471460,KIWOOM 국고채30년액티브,채권,국내,0.035,Y,46275,185,0.40,2026-10-08 10:16
473490,KIWOOM 글로벌AI반도체,주식,국내&해외,0.4,N,33920,-530,-1.54,2026-10-08 10:16
489860,KIWOOM 글로벌전력GRID인프라,주식,국내&해외,0.49,N,14540,-405,-2.71,2026-10-08 10:16
130730,KIWOOM 단기자금,채권,국내,0.05,Y,103335,0,0.00,2026-10-08 10:16
419890,KIWOOM 단기채권ESG액티브,채권,국내,0.15,Y,107780,15,0.01,2026-10-08 10:16
411860,KIWOOM 독일DAX,주식,해외,0.25,N,15400,-220,-1.41,2026-10-08 10:16
476450,KIWOOM 머니마켓액티브,채권,국내,0.05,Y,52965,5,0.01,2026-10-08 10:16
430500,KIWOOM 물가채KIS,채권,국내,0.15,Y,113165,310,0.27,2026-10-08 10:16
0190M0,KIWOOM 미국AI테크하이베타,주식,해외,0.49,N,8660,-110,-1.25,2026-10-08 10:16
0224D0,KIWOOM 미국CPU반도체TOP4+,주식,해외,0.49,N,10625,-110,-1.02,2026-10-08 10:16
0127V0,KIWOOM 미국S&P500 TOP10&배당다우비중전환,주식,해외,0.19,N,10712,-8,-0.07,2026-10-08 10:16
0137W0,KIWOOM 미국S&P500&GOLD,주식,해외,0.01,N,10140,-30,-0.29,2026-10-08 10:16
0127T0,KIWOOM 미국S&P500&배당다우존스비중전환,주식,해외,0.09,N,10740,-55,-0.51,2026-10-08 10:16
0137V0,KIWOOM 미국S&P500모멘텀,주식,해외,0.12,N,11460,-25,-0.22,2026-10-08 10:16
449770,KIWOOM 미국S&P500,주식,해외,0.021,N,20720,-100,-0.48,2026-10-08 10:16
449780,KIWOOM 미국S&P500(H),주식,해외,0.04,N,18915,-70,-0.37,2026-10-08 10:16
0107F0,KIWOOM 미국고배당&AI테크,주식,해외,0.45,N,10545,-110,-1.03,2026-10-08 10:16
453080,KIWOOM 미국나스닥100(H),주식,해외,0.04,N,24140,-55,-0.23,2026-10-08 10:16
460270,KIWOOM 미국달러SOFR금리액티브(합성),기타,해외,0.05,Y,12235,-5,-0.04,2026-10-08 10:16
230480,KIWOOM 미국달러선물인버스2X,통화,국내,0.64,N,4930,20,0.41,2026-10-08 10:16
225800,KIWOOM 미국달러선물레버리지,통화,국내,0.64,N,14130,-55,-0.39,2026-10-08 10:16
139660,KIWOOM 미국달러선물인버스,통화,국내,0.49,N,8685,20,0.23,2026-10-08 10:16
138230,KIWOOM 미국달러선물,통화,국내,0.37,N,15695,-25,-0.16,2026-10-08 10:16
373790,KIWOOM 미국방어배당성장나스닥,주식,해외,0.4,N,14350,-225,-1.54,2026-10-08 10:16
483030,KIWOOM 미국블록버스터바이오테크의약품+,주식,해외,0.49,N,11150,85,0.77,2026-10-08 10:16
459790,KIWOOM 미국성장기업30액티브,주식,해외,0.76,N,20455,-325,-1.56,2026-10-08 10:16
0174R0,KIWOOM 미국성장다우존스,주식,해외,0.03,N,11470,-10,-0.09,2026-10-08 10:16
498270,KIWOOM 미국양자컴퓨팅,주식,해외,0.49,N,14545,-255,-1.72,2026-10-08 10:16
0207Z0,KIWOOM 미국우주데이터센터인프라,주식,해외,0.4902,N,7365,-100,-1.34,2026-10-08 10:16
0216K0,KIWOOM 미국우주테크TOP2채권혼합50,혼합자산,국내&해외,0.21,Y,8995,-95,-1.05,2026-10-08 10:16
474800,KIWOOM 미국원유에너지기업,주식,해외,0.29,N,15545,-75,-0.48,2026-10-08 10:16
104520,KIWOOM 블루칩,주식,국내,0.4,N,14295,-170,-1.18,2026-10-08 10:16
0234N0,KIWOOM 삼성SK그룹TOP4+,주식,국내,0.45,N,10310,-110,-1.06,2026-10-08 10:16
0183V0,KIWOOM 삼성전자&SK하이닉스채권혼합50,혼합자산,국내,0.07,Y,11845,10,0.08,2026-10-08 10:16
0194N0,KIWOOM 삼성전자선물단일종목레버리지,주식,국내,0.25,N,11650,-100,-0.85,2026-10-08 10:16
0015E0,KIWOOM 엔비디아미국30년국채혼합액티브(H),혼합자산,해외,0.19,Y,10255,-15,-0.15,2026-10-08 10:16
483020,KIWOOM 의료AI,주식,국내,0.49,N,8960,-110,-1.21,2026-10-08 10:16
435530,KIWOOM TDF2030액티브 적격,혼합자산,국내&해외,0.3,Y,14775,-75,-0.51,2026-10-08 10:16
435540,KIWOOM TDF2040액티브 적격,혼합자산,국내&해외,0.34,Y,16650,-90,-0.54,2026-10-08 10:16
435550,KIWOOM TDF2050액티브 적격,혼합자산,국내&해외,0.38,Y,17132,-158,-0.91,2026-10-08 10:16
454780,KIWOOM 종합채권(AA-이상)액티브,채권,국내,0.025,Y,100180,0,0.00,2026-10-08 10:16
104530,KIWOOM 코리아고배당,주식,국내,0.19,N,17105,-140,-0.81,2026-10-08 10:16
496090,KIWOOM 코리아밸류업,주식,국내,0.009,N,31180,-545,-1.72,2026-10-08 10:16
469790,KIWOOM 코리아테크TOP10,주식,국내,0.39,N,43565,15,0.03,2026-10-08 10:16
291630,KIWOOM 코스닥150선물레버리지,주식,국내,0.09,N,4155,10,0.24,2026-10-08 10:16
291620,KIWOOM 코스닥150선물인버스,주식,국내,0.09,N,3785,-110,-2.82,2026-10-08 10:16
316670,KIWOOM 코스닥150,주식,국내,0.15,N,7685,30,0.39,2026-10-08 10:16
0198A0,KIWOOM 코스닥150커버드콜액티브,주식,국내,0.63,N,8975,25,0.28,2026-10-08 10:16
122260,KIWOOM 통안채1년,채권,국내,0.05,Y,104435,25,0.02,2026-10-08 10:16
0015F0,KIWOOM 팔란티어미국30년국채혼합액티브(H),혼합자산,해외,0.19,Y,10320,40,0.39,2026-10-08 10:16
0097L0,KIWOOM 한국고배당&미국AI테크,주식,국내&해외,0.45,N,12465,-75,-0.60,2026-10-08 10:16
0220A0,KIWOOM 현대차그룹TOP3채권혼합50,혼합자산,국내,0.15,Y,8495,-120,-1.39,2026-10-08 10:16
441800,TIME Korea플러스배당액티브,주식,국내,0.8,N,27800,-320,-1.14,2026-10-08 10:16
463050,TIME K바이오액티브,주식,국내,0.8,N,11310,-405,-3.46,2026-10-08 10:16
404120,TIME K신재생에너지액티브,주식,국내,0.8,N,25820,235,0.92,2026-10-08 10:16
385710,TIME K이노베이션액티브,주식,국내,0.8,N,10465,-165,-1.55,2026-10-08 10:16
410870,TIME K컬처액티브,주식,국내,0.8,N,8860,-300,-3.28,2026-10-08 10:16
456600,TIME 글로벌AI인공지능액티브,주식,해외,0.8,N,58450,-300,-0.51,2026-10-08 10:16
485810,TIME 글로벌바이오액티브,주식,해외,0.8,N,11465,40,0.35,2026-10-08 10:16
494180,TIME 글로벌소비트렌드액티브,주식,해외,0.8,N,12640,15,0.12,2026-10-08 10:16
478150,TIME 글로벌우주테크&방산액티브,주식,해외,0.8,N,16960,-440,-2.53,2026-10-08 10:16
0113D0,TIME 글로벌탑픽액티브,주식,해외,0.06,N,11600,-80,-0.68,2026-10-08 10:16
0185L0,TIME 글로벌휴머노이드로봇산업액티브,주식,해외,0.8,N,7100,-45,-0.63,2026-10-08 10:16
426020,TIME 미국S&P500액티브,주식,해외,0.8,N,31700,-215,-0.67,2026-10-08 10:16
426030,TIME 미국나스닥100액티브,주식,해외,0.8,N,48265,-340,-0.70,2026-10-08 10:16
0019K0,TIME 미국나스닥100채권혼합50액티브,혼합자산,국내&해외,0.25,Y,13510,-70,-0.52,2026-10-08 10:16
0043Y0,TIME 차이나AI테크액티브,주식,해외,0.8,N,18745,-160,-0.85,2026-10-08 10:16
495060,TIME 코리아밸류업액티브,주식,국내,0.8,N,27600,-310,-1.11,2026-10-08 10:16
0162Y0,TIME 코스닥액티브,주식,국내,0.8,N,8670,195,2.30,2026-10-08 10:16
385720,TIME 코스피액티브,주식,국내,0.8,N,25350,-170,-0.67,2026-10-08 10:16
472720,TRUSTON 주주가치액티브,주식,국내,0.785,N,24825,-390,-1.55,2026-10-08 10:16
496130,TRUSTON 코리아밸류업액티브,주식,국내,0.785,N,24770,5,0.02,2026-10-08 10:16
451060,1Q 200액티브,주식,국내,0.01,N,34580,-255,-0.73,2026-10-08 10:16
0184E0,1Q 200채권혼합50액티브,혼합자산,국내,0.4,Y,11005,-75,-0.68,2026-10-08 10:16
491610,1Q CD금리액티브(합성),기타,국내,0.02,Y,105210,5,0.00,2026-10-08 10:16
0182R0,1Q K반도체TOP2+,주식,국내,0.2,N,11075,-85,-0.76,2026-10-08 10:16
0182S0,1Q K반도체TOP2채권혼합50,혼합자산,국내,0.01,Y,12660,10,0.08,2026-10-08 10:16
0103T0,1Q K소버린AI,주식,국내,0.49,N,7940,-140,-1.73,2026-10-08 10:16
0198D0,1Q SK하이닉스선물단일종목레버리지,주식,국내,0.0901,N,9035,20,0.22,2026-10-08 10:16
463290,1Q 단기금융채액티브,채권,국내,0.08,Y,109635,15,0.01,2026-10-08 10:16
0131W0,1Q 단기특수은행채액티브,채권,국내,0.01,Y,102455,10,0.01,2026-10-08 10:16
479080,1Q 머니마켓액티브,채권,국내,0.05,Y,53960,0,0.00,2026-10-08 10:16
0052S0,1Q 미국S&P500미국채혼합50액티브,혼합자산,해외,0.15,Y,11320,-25,-0.22,2026-10-08 10:16
0026S0,1Q 미국S&P500,주식,해외,0.0055,N,12635,-60,-0.47,2026-10-08 10:16
0111P0,1Q 미국나스닥100미국채혼합50액티브,혼합자산,해외,0.05,Y,10775,-35,-0.32,2026-10-08 10:16
0069M0,1Q 미국나스닥100,주식,해외,0.0055,N,13790,-60,-0.43,2026-10-08 10:16
0083S0,1Q 미국메디컬AI,주식,해외,0.49,N,11060,-230,-2.04,2026-10-08 10:16
0004G0,1Q 미국배당TOP30,주식,해외,0.1,N,8335,5,0.06,2026-10-08 10:16
0131V0,1Q 미국우주항공테크,주식,해외,0.49,N,10605,-100,-0.93,2026-10-08 10:16
0198B0,1Q 삼성전자선물단일종목레버리지,주식,국내,0.0901,N,11830,-130,-1.09,2026-10-08 10:16
0094X0,1Q 샤오미밸류체인액티브,주식,해외,0.49,N,7595,0,0.00,2026-10-08 10:16
0224X0,1Q 엔비디아알파벳미국채혼합50,혼합자산,해외,0.45,Y,9695,-35,-0.36,2026-10-08 10:16
0172V0,1Q 은액티브,원자재,해외,0.3,N,7565,-70,-0.92,2026-10-08 10:16
0017Y0,1Q 종합채권(AA-이상)액티브,채권,국내,0.025,Y,94675,210,0.22,2026-10-08 10:16
0052T0,1Q 중단기회사채(A-이상)액티브,채권,국내,0.05,Y,50890,0,0.00,2026-10-08 10:16
495330,1Q 코리아밸류업,주식,국내,0.02,N,30905,-590,-1.87,2026-10-08 10:16
0186S0,1Q 코스닥150채권혼합50액티브,혼합자산,국내,0.63,Y,8795,-20,-0.23,2026-10-08 10:16
492500,1Q 현대차그룹채권(A+이상)&국고통안,채권,국내,0.1,Y,51490,30,0.06,2026-10-08 10:16
0206G0,1Q 현대차기아채권혼합50,혼합자산,국내,0.1,Y,7460,-140,-1.84,2026-10-08 10:16
473440,ACE 11월만기자동연장회사채AA-이상액티브,채권,국내,0.05,Y,10885,0,0.00,2026-10-08 10:16
332500,ACE 200TR,주식,국내,0.01,N,72630,-495,-0.68,2026-10-08 10:16
105190,ACE 200,주식,국내,0.017,N,108180,-610,-0.56,2026-10-08 10:16
475260,ACE 2월만기자동연장회사채AA-이상액티브,채권,국내,0.05,Y,10775,0,0.00,2026-10-08 10:16
385600,ACE 2차전지&친환경차액티브,주식,국내,0.29,N,12190,165,1.37,2026-10-08 10:16
475270,ACE 5월만기자동연장회사채AA-이상액티브,채권,국내,0.05,Y,10755,0,0.00,2026-10-08 10:16
475280,ACE 8월만기자동연장회사채AA-이상액티브,채권,국내,0.05,Y,10750,0,0.00,2026-10-08 10:16
469150,ACE AI반도체TOP3+,주식,국내,0.3,N,65500,1080,1.68,2026-10-08 10:16
0079X0,ACE BYD밸류체인액티브,주식,해외,0.45,N,8895,-5,-0.06,2026-10-08 10:16
385590,ACE ESG액티브,주식,국내,0.5,N,23590,-380,-1.59,2026-10-08 10:16
475050,ACE KPOP포커스,주식,국내,0.3,N,6700,-110,-1.62,2026-10-08 10:16
411060,ACE KRX금현물,원자재,국내,0.19,N,24790,-90,-0.36,2026-10-08 10:16
0221Z0,ACE K바이오코스닥액티브,주식,국내,0.5,N,9430,-245,-2.53,2026-10-08 10:16
0210A0,ACE K반도체TOP2+,주식,국내,0.39,N,7775,-55,-0.70,2026-10-08 10:16
0216Z0,ACE K방산TOP5+,주식,국내,0.45,N,8195,-380,-4.43,2026-10-08 10:16
0172Y0,ACE K수출핵심TOP10산업액티브,주식,국내,0.5,N,8740,-250,-2.78,2026-10-08 10:16
0177X0,ACE K휴머노이드로봇산업TOP2+,주식,국내,0.45,N,9700,-115,-1.17,2026-10-08 10:16
291130,ACE MSCI멕시코(합성),주식,해외,0.5,N,16495,-155,-0.93,2026-10-08 10:16
256440,ACE MSCI인도네시아(합성),주식,해외,0.7,N,4660,-5,-0.11,2026-10-08 10:16
261920,ACE MSCI필리핀(합성),주식,해외,0.5,N,11210,95,0.85,2026-10-08 10:16
0194T0,ACE SK하이닉스단일종목레버리지,주식,국내,0.0901,N,8740,35,0.40,2026-10-08 10:16
0199C0,ACE 고배당주Plus커버드콜액티브,주식,국내,0.4,N,8775,-90,-1.02,2026-10-08 10:16
0139P0,ACE 고배당주,주식,국내,0.15,N,13075,-145,-1.10,2026-10-08 10:16
225130,ACE 골드선물 레버리지(합성 H),원자재,해외,0.49,N,42280,-490,-1.15,2026-10-08 10:16
483340,ACE 구글밸류체인액티브,주식,해외,0.45,N,23210,-140,-0.60,2026-10-08 10:16
114460,ACE 국고채3년,채권,국내,0.15,Y,100400,70,0.07,2026-10-08 10:16
365780,ACE 국고채10년,채권,국내,0.02,Y,82690,85,0.10,2026-10-08 10:16
494340,ACE 글로벌AI맞춤형반도체,주식,해외,0.45,N,21295,-275,-1.27,2026-10-08 10:16
446770,ACE 글로벌반도체TOP4 Plus,주식,해외,0.45,N,81130,-705,-0.86,2026-10-08 10:16
435040,ACE 글로벌브랜드TOP10,주식,해외,0.5,N,18700,-15,-0.08,2026-10-08 10:16
497510,ACE 글로벌빅파마,주식,해외,0.3,N,12375,220,1.81,2026-10-08 10:16
460960,ACE 글로벌인컴TOP10,혼합자산,해외,0.24,N,10270,-70,-0.68,2026-10-08 10:16
414270,ACE 글로벌자율주행액티브,주식,해외,0.29,N,11060,-115,-1.03,2026-10-08 10:16
190620,ACE 단기통안채,채권,국내,0.07,Y,102315,10,0.01,2026-10-08 10:16
440640,ACE 단기채권알파액티브,채권,국내,0.15,Y,113035,5,0.00,2026-10-08 10:16
494330,ACE 라이프자산주주가치액티브,주식,국내,0.5,N,32520,-605,-1.83,2026-10-08 10:16
265690,ACE 러시아MSCI(합성),주식,해외,0.0004,N,8535,0,0.00,2026-10-08 10:16
152500,ACE 레버리지,주식,국내,0.3,N,43450,-660,-1.50,2026-10-08 10:16
0153P0,ACE 리츠부동산인프라액티브,부동산,국내,0.06,N,9435,30,0.32,2026-10-08 10:16
483330,ACE 마이크로소프트밸류체인액티브,주식,해외,0.45,N,15355,-150,-0.97,2026-10-08 10:16
487340,ACE 머니마켓액티브,채권,국내,0.05,Y,106260,-5,0.00,2026-10-08 10:16
0085P0,ACE 미국10년국채액티브,채권,해외,0.15,Y,9170,-5,-0.05,2026-10-08 10:16
0085N0,ACE 미국10년국채액티브(H),채권,해외,0.15,Y,9395,15,0.16,2026-10-08 10:16
452250,ACE 미국30년국채선물레버리지(합성 H),채권,해외,0.25,N,4120,0,0.00,2026-10-08 10:16
476760,ACE 미국30년국채액티브,채권,해외,0.05,Y,8100,-10,-0.12,2026-10-08 10:16
453850,ACE 미국30년국채액티브(H),채권,해외,0.05,Y,6710,5,0.07,2026-10-08 10:16
476750,ACE 미국30년국채엔화노출액티브(H),채권,해외,0.15,Y,6760,-5,-0.07,2026-10-08 10:16
480030,ACE 미국500데일리타겟커버드콜(합성),주식,해외,0.45,N,9575,-45,-0.47,2026-10-08 10:16
0118Z0,ACE 미국AI테크핵심산업액티브,주식,해외,0.45,N,8660,-135,-1.53,2026-10-08 10:16
280320,ACE 미국IT인터넷(합성 H),주식,해외,0.5,N,22085,65,0.30,2026-10-08 10:16
438080,ACE 미국S&P500미국채혼합50액티브,혼합자산,해외,0.15,Y,13725,-45,-0.33,2026-10-08 10:16
360200,ACE 미국S&P500,주식,해외,0.0047,N,26170,-125,-0.48,2026-10-08 10:16
0155M0,ACE 미국SMR원자력TOP10,주식,해외,0.45,N,6165,-210,-3.29,2026-10-08 10:16
309230,ACE 미국WideMoat동일가중,주식,해외,0.4,N,28975,-125,-0.43,2026-10-08 10:16
438100,ACE 미국나스닥100미국채혼합50액티브,혼합자산,해외,0.15,Y,15160,-40,-0.26,2026-10-08 10:16
367380,ACE 미국나스닥100,주식,해외,0.0062,N,31720,-125,-0.39,2026-10-08 10:16
456880,ACE 미국달러SOFR금리(합성),기타,해외,0.05,Y,11800,-20,-0.17,2026-10-08 10:16
440650,ACE 미국달러단기채권액티브,채권,해외,0.3,Y,11255,-10,-0.09,2026-10-08 10:16
0127M0,ACE 미국대형가치주액티브,주식,해외,0.3,N,11845,-30,-0.25,2026-10-08 10:16
0127P0,ACE 미국대형성장주액티브,주식,해외,0.3,N,10615,-25,-0.23,2026-10-08 10:16
480040,ACE 미국반도체데일리타겟커버드콜(합성),주식,해외,0.45,N,15220,-105,-0.69,2026-10-08 10:16
402970,ACE 미국배당다우존스,주식,해외,0.01,N,14100,-130,-0.91,2026-10-08 10:16
0049M0,ACE 미국배당퀄리티+커버드콜액티브,주식,해외,0.15,N,10950,-5,-0.05,2026-10-08 10:16
0046Y0,ACE 미국배당퀄리티,주식,해외,0.15,N,12160,-15,-0.12,2026-10-08 10:16
0049K0,ACE 미국배당퀄리티채권혼합50,혼합자산,국내&해외,0.15,Y,10925,-50,-0.46,2026-10-08 10:16
181480,ACE 미국부동산리츠(합성 H),부동산,해외,0.3,N,77840,-1515,-1.91,2026-10-08 10:16
480020,ACE 미국빅테크7+데일리타겟커버드콜(합성),주식,해외,0.45,N,10185,5,0.05,2026-10-08 10:16
465610,ACE 미국빅테크TOP7 Plus레버리지(합성),주식,해외,0.6,N,44350,-80,-0.18,2026-10-08 10:16
465620,ACE 미국빅테크TOP7 Plus인버스(합성),주식,해외,0.6,N,6260,10,0.16,2026-10-08 10:16
465580,ACE 미국빅테크TOP7 Plus,주식,해외,0.3,N,24957,-28,-0.11,2026-10-08 10:16
0180V0,ACE 미국우주테크액티브,주식,해외,0.8,N,7900,-210,-2.59,2026-10-08 10:16
473590,ACE 미국주식베스트셀러,주식,해외,0.3,N,19995,-190,-0.94,2026-10-08 10:16
0008E0,ACE 미국중심중소형제조업,주식,해외,0.45,N,11170,-370,-3.21,2026-10-08 10:16
391600,ACE 미국친환경그린테마,주식,해외,0.7,N,9855,-140,-1.40,2026-10-08 10:16
455660,ACE 미국하이일드액티브(H),채권,해외,0.24,Y,9170,-5,-0.05,2026-10-08 10:16
0228G0,ACE 반도체Plus전략산업,주식,국내,0.4,N,9725,-210,-2.11,2026-10-08 10:16
245710,ACE 베트남VN30(합성),주식,해외,0.7,N,27010,-35,-0.13,2026-10-08 10:16
131890,ACE 삼성그룹동일가중,주식,국내,0.15,N,38945,-705,-1.78,2026-10-08 10:16
108450,ACE 삼성그룹섹터가중,주식,국내,0.15,N,39765,-320,-0.80,2026-10-08 10:16
0233A0,ACE 삼성전자SK하이닉스플러스채권혼합50,혼합자산,국내,0.07,Y,10670,0,0.00,2026-10-08 10:16
0194M0,ACE 삼성전자단일종목레버리지,주식,국내,0.0901,N,11580,-125,-1.07,2026-10-08 10:16
226380,ACE Fn성장소비주도주,주식,국내,0.5,N,5680,-55,-0.96,2026-10-08 10:16
316300,ACE 싱가포르리츠,부동산,해외,0.4,N,11900,-65,-0.54,2026-10-08 10:16
277540,ACE 아시아TOP50,주식,국내&해외,0.7,N,31970,-260,-0.81,2026-10-08 10:16
483320,ACE 엔비디아밸류체인액티브,주식,해외,0.45,N,26270,-340,-1.28,2026-10-08 10:16
448540,ACE 엔비디아채권혼합,혼합자산,국내&해외,0.07,Y,26900,-85,-0.31,2026-10-08 10:16
0099L0,ACE 우량회사채(AA-이상)액티브,채권,국내,0.095,Y,99965,15,0.02,2026-10-08 10:16
433500,ACE 원자력TOP10,주식,국내,0.3,N,53190,-2110,-3.82,2026-10-08 10:16
0102X0,ACE 유럽방산TOP10,주식,해외,0.35,N,8025,-180,-2.19,2026-10-08 10:16
487920,ACE 인도시장대표BIG5그룹액티브,주식,해외,0.45,N,6980,-45,-0.64,2026-10-08 10:16
487910,ACE 인도컨슈머파워액티브,주식,해외,0.45,N,7370,-50,-0.67,2026-10-08 10:16
145670,ACE 인버스,주식,국내,0.15,N,1294,13,1.01,2026-10-08 10:16
497520,ACE 일라이릴리밸류체인,주식,해외,0.45,N,12610,50,0.40,2026-10-08 10:16
196030,ACE 일본TOPIX레버리지(H),주식,해외,0.5,N,91350,-2020,-2.16,2026-10-08 10:16
238720,ACE 일본Nikkei225(H),주식,해외,0.3,N,50675,-460,-0.90,2026-10-08 10:16
469160,ACE 일본반도체,주식,해외,0.45,N,26620,-105,-0.39,2026-10-08 10:16
205720,ACE 일본TOPIX인버스(합성 H),주식,해외,0.5,N,1420,10,0.71,2026-10-08 10:16
356540,ACE 종합채권(AA-이상)액티브,채권,국내,0.02,Y,101905,135,0.13,2026-10-08 10:16
447430,ACE 주주환원가치주액티브,주식,국내,0.7,N,16450,-95,-0.57,2026-10-08 10:16
416090,ACE 중국과창판STAR50,주식,해외,0.5,N,11455,0,0.00,2026-10-08 10:16
168580,ACE 중국본토CSI300,주식,해외,0.7,N,31415,-165,-0.52,2026-10-08 10:16
219900,ACE 중국본토CSI300레버리지(합성),주식,해외,0.5,N,3510,-20,-0.57,2026-10-08 10:16
272910,ACE 중장기국공채액티브,채권,국내,0.08,Y,106415,25,0.02,2026-10-08 10:16
0087F0,ACE 차이나AI빅테크TOP2+액티브,주식,해외,0.45,N,10620,180,1.72,2026-10-08 10:16
371870,ACE 차이나항셍테크,주식,해외,0.25,N,5995,-5,-0.08,2026-10-08 10:16
0209Z0,ACE 코리아AI전력TOP10,주식,국내,0.39,N,6715,-235,-3.38,2026-10-08 10:16
380340,ACE 코리아AI테크핵심산업,주식,국내,0.35,N,28160,-440,-1.54,2026-10-08 10:16
496120,ACE 코리아밸류업,주식,국내,0.09,N,32280,-520,-1.59,2026-10-08 10:16
354500,ACE 코스닥150,주식,국내,0.02,N,15525,5,0.03,2026-10-08 10:16
305050,ACE 코스피,주식,국내,0.02,N,70380,-705,-0.99,2026-10-08 10:16
457480,ACE 테슬라밸류체인액티브,주식,해외,0.29,N,18140,-120,-0.66,2026-10-08 10:16
469170,ACE 포스코그룹포커스,주식,국내,0.3,N,6030,75,1.26,2026-10-08 10:16
491220,PLUS 200TR,주식,국내,0.01,N,127720,-1230,-0.95,2026-10-08 10:16
152100,PLUS 200,주식,국내,0.017,N,109375,-780,-0.71,2026-10-08 10:16
253150,PLUS 200선물레버리지,주식,국내,0.06,N,195800,-2650,-1.34,2026-10-08 10:16
253160,PLUS 200선물인버스2X,주식,국내,0.06,N,151,3,2.03,2026-10-08 10:16
0203D0,PLUS 200위클리커버드콜채권혼합,혼합자산,국내,0.39,Y,8890,-50,-0.56,2026-10-08 10:16
0210E0,PLUS 200커버드콜액티브,주식,국내,0.491,N,7120,-65,-0.90,2026-10-08 10:16
0239Z0,PLUS AI반도체소부장액티브,주식,국내,0.63,N,12605,230,1.86,2026-10-08 10:16
395750,PLUS ESG가치주액티브,주식,국내,0.105,N,20270,-275,-1.34,2026-10-08 10:16
395760,PLUS ESG성장주액티브,주식,국내,0.105,N,21390,-260,-1.20,2026-10-08 10:16
453010,PLUS KOFR금리,기타,국내,0.05,Y,110187,22,0.02,2026-10-08 10:16
227830,PLUS 코스피,주식,국내,0.2,N,70980,-85,-0.12,2026-10-08 10:16
122090,PLUS 코스피50,주식,국내,0.33,N,81055,-765,-0.93,2026-10-08 10:16
429740,PLUS K리츠,부동산,국내,0.25,N,6060,15,0.25,2026-10-08 10:16
0104G0,PLUS K방산레버리지,주식,국내,0.5,N,4430,-430,-8.85,2026-10-08 10:16
0090B0,PLUS K방산소부장,주식,국내,0.45,N,7070,-135,-1.87,2026-10-08 10:16
449450,PLUS K방산,주식,국내,0.45,N,45935,-1975,-4.12,2026-10-08 10:16
0166S0,PLUS K제조업핵심기업액티브,주식,국내,0.63,N,11440,25,0.22,2026-10-08 10:16
269540,PLUS 미국S&P500(H),주식,해외,0.0062,N,30415,-115,-0.38,2026-10-08 10:16
269530,PLUS S&P글로벌인프라,주식,해외,0.3,N,18335,-225,-1.21,2026-10-08 10:16
0226A0,PLUS SK하이닉스샌디스크채권혼합50,혼합자산,국내&해외,0.25,Y,11055,175,1.61,2026-10-08 10:16
251590,PLUS 고배당저변동50,주식,국내,0.23,N,17185,-15,-0.09,2026-10-08 10:16
161510,PLUS 고배당주,주식,국내,0.23,N,24015,-290,-1.19,2026-10-08 10:16
0018C0,PLUS 고배당주위클리고정커버드콜,주식,국내,0.3,N,10195,-150,-1.45,2026-10-08 10:16
489030,PLUS 고배당주위클리커버드콜,주식,국내,0.3,N,6175,-55,-0.88,2026-10-08 10:16
251600,PLUS 고배당주채권혼합,혼합자산,국내,0.2,Y,15080,-70,-0.46,2026-10-08 10:16
461460,PLUS 국고채10년액티브,채권,국내,0.045,Y,51470,60,0.12,2026-10-08 10:16
451600,PLUS 국고채30년액티브,채권,국내,0.05,Y,85720,0,0.00,2026-10-08 10:16
491230,PLUS 국공채머니마켓액티브,채권,국내,0.05,Y,52670,5,0.01,2026-10-08 10:16
289670,PLUS 국채선물10년,채권,국내,0.05,Y,52295,75,0.14,2026-10-08 10:16
298340,PLUS 국채선물3년,채권,국내,0.1,Y,56675,80,0.14,2026-10-08 10:16
442580,PLUS 글로벌HBM반도체,주식,해외,0.5,N,106050,1510,1.44,2026-10-08 10:16
496770,PLUS 글로벌방산,주식,해외,0.45,N,14870,-360,-2.36,2026-10-08 10:16
419650,PLUS 글로벌수소&차세대연료전지,주식,해외,0.5,N,4695,-185,-3.79,2026-10-08 10:16
0007G0,PLUS 글로벌원자력밸류체인,주식,해외,0.39,N,12250,-385,-3.05,2026-10-08 10:16
0166T0,PLUS 글로벌저작권핵심기업액티브,주식,해외,0.45,N,9050,75,0.84,2026-10-08 10:16
0035T0,PLUS 글로벌휴머노이드로봇액티브,주식,국내&해외,0.45,N,19235,-275,-1.41,2026-10-08 10:16
415920,PLUS 글로벌희토류&전략자원생산기업,주식,해외,0.5,N,5665,-145,-2.50,2026-10-08 10:16
0138Y0,PLUS 금채권혼합,혼합자산,국내&해외,0.15,Y,9395,-10,-0.11,2026-10-08 10:16
278620,PLUS 단기채권액티브,채권,국내,0.07,Y,119420,25,0.02,2026-10-08 10:16
477050,PLUS 머니마켓액티브,채권,국내,0.05,Y,53700,-5,-0.01,2026-10-08 10:16
0050E0,PLUS 미국AI에이전트,주식,해외,0.45,N,8305,-90,-1.07,2026-10-08 10:16
429760,PLUS 미국S&P500,주식,해외,0.0062,N,19260,-100,-0.52,2026-10-08 10:16
0057H0,PLUS 미국S&P500미국채혼합50액티브,혼합자산,해외,0.15,Y,11375,-35,-0.31,2026-10-08 10:16
494410,PLUS 미국S&P500성장주,주식,해외,0.0062,N,14515,-85,-0.58,2026-10-08 10:16
0153X0,PLUS 미국고배당주액티브,주식,해외,0.23,N,10235,-155,-1.49,2026-10-08 10:16
0089B0,PLUS 미국나스닥100미국채혼합50,혼합자산,해외,0.15,Y,11175,-20,-0.18,2026-10-08 10:16
287180,PLUS 미국나스닥테크,주식,해외,0.5,N,56900,-695,-1.21,2026-10-08 10:16
332610,PLUS 미국단기회사채(AAA~A),채권,해외,0.315,Y,121220,-185,-0.15,2026-10-08 10:16
456200,PLUS 미국달러SOFR금리액티브(합성),기타,해외,0.09,Y,58275,0,0.00,2026-10-08 10:16
0078V0,PLUS 미국로보택시,주식,해외,0.49,N,8575,-95,-1.10,2026-10-08 10:16
494420,PLUS 미국배당증가성장주데일리커버드콜,주식,해외,0.39,N,8610,-35,-0.40,2026-10-08 10:16
0023B0,PLUS 미국양자컴퓨팅TOP10,주식,해외,0.45,N,15115,-355,-2.29,2026-10-08 10:16
332620,PLUS 미국장기우량회사채,채권,해외,0.315,Y,81160,-115,-0.14,2026-10-08 10:16
464470,PLUS 미국채30년액티브,채권,해외,0.15,Y,43510,-95,-0.22,2026-10-08 10:16
461900,PLUS 미국테크TOP10,주식,해외,0.01,N,23205,95,0.41,2026-10-08 10:16
0193K0,PLUS 삼성전자단일종목레버리지,주식,국내,0.0901,N,12750,-130,-1.01,2026-10-08 10:16
0193L0,PLUS 삼성전자선물단일종목인버스2X,주식,국내,0.49,N,8115,50,0.62,2026-10-08 10:16
238670,PLUS 스마트베타Quality채권혼합,혼합자산,국내,0.2,Y,13555,-80,-0.59,2026-10-08 10:16
256450,PLUS 심천차이넥스트(합성),주식,해외,0.5,N,13345,40,0.30,2026-10-08 10:16
447660,PLUS 애플채권혼합,혼합자산,국내&해외,0.25,Y,13805,20,0.15,2026-10-08 10:16
239660,PLUS 우량회사채50,채권,국내,0.135,Y,122065,40,0.03,2026-10-08 10:16
421320,PLUS 우주항공,주식,국내,0.45,N,27945,-720,-2.51,2026-10-08 10:16
0184N0,PLUS 은채권혼합,혼합자산,국내&해외,0.15,Y,8360,-20,-0.24,2026-10-08 10:16
464920,PLUS 일본반도체소부장,주식,해외,0.5,N,26000,-290,-1.10,2026-10-08 10:16
489000,PLUS 일본엔화초단기국채(합성),채권,해외,0.19,Y,8975,5,0.06,2026-10-08 10:16
0098N0,PLUS 자사주매입고배당주,주식,국내,0.3,N,12680,-215,-1.67,2026-10-08 10:16
433880,PLUS TDF2060액티브 적격,혼합자산,국내&해외,0.2,Y,18270,-25,-0.14,2026-10-08 10:16
451000,PLUS 종합채권(AA-이상)액티브,채권,국내,0.045,Y,108015,185,0.17,2026-10-08 10:16
280920,PLUS 주도업종,주식,국내,0.23,N,22685,-315,-1.37,2026-10-08 10:16
0184L0,PLUS 중기종합채권(A-이상)액티브,채권,국내,0.06,Y,100815,0,0.00,2026-10-08 10:16
266550,PLUS 중형주저변동50,주식,국내,0.23,N,17820,-195,-1.08,2026-10-08 10:16
0047N0,PLUS 차이나AI테크TOP10,주식,해외,0.49,N,8650,15,0.17,2026-10-08 10:16
0128D0,PLUS 차이나항셍테크위클리타겟커버드콜,주식,해외,0.39,N,6045,-10,-0.17,2026-10-08 10:16
0239Y0,PLUS 코리아HBM반도체,주식,국내,0.45,N,10985,220,2.04,2026-10-08 10:16
495040,PLUS 코리아밸류업,주식,국내,0.009,N,30840,-585,-1.86,2026-10-08 10:16
0166N0,PLUS 코스닥150액티브,주식,국내,0.63,N,9502,212,2.28,2026-10-08 10:16
301400,PLUS 코스닥150,주식,국내,0.15,N,15525,35,0.23,2026-10-08 10:16
328370,PLUS 코스피TR,주식,국내,0.15,N,38140,-450,-1.17,2026-10-08 10:16
457990,PLUS 태양광&ESS,주식,국내,0.45,N,39605,450,1.15,2026-10-08 10:16
0132K0,PLUS 테슬라위클리커버드콜채권혼합,주식,국내&해외,0.39,Y,8065,35,0.44,2026-10-08 10:16
0000J0,PLUS 한화그룹주,주식,국내,0.19,N,26515,-1110,-4.02,2026-10-08 10:16
461910,PLUS 미국테크TOP10레버리지(합성),주식,해외,0.5,N,38965,200,0.52,2026-10-08 10:16
213630,PLUS 미국다우존스고배당주(합성 H),주식,해외,0.4,N,19910,-65,-0.33,2026-10-08 10:16
189400,PLUS 글로벌MSCI(합성 H),주식,해외,0.4,N,25940,-255,-0.97,2026-10-08 10:16
195970,PLUS 선진국MSCI(합성 H),주식,해외,0.5,N,15765,-175,-1.10,2026-10-08 10:16
195980,PLUS 신흥국MSCI(합성 H),주식,해외,0.5,N,15325,-75,-0.49,2026-10-08 10:16
0184V0,UNICORN K바이오액티브,주식,국내,0.51,N,5425,-235,-4.15,2026-10-08 10:16
433250,UNICORN R&D 액티브,주식,국내,0.355,N,23050,-110,-0.47,2026-10-08 10:16
494220,UNICORN SK하이닉스밸류체인액티브,주식,국내,0.5,N,53525,10,0.02,2026-10-08 10:16
470310,UNICORN 생성형AI강소기업액티브,주식,국내,0.5,N,18050,-40,-0.22,2026-10-08 10:16
476000,UNICORN 포스트IPO액티브,주식,국내,0.5,N,5155,15,0.29,2026-10-08 10:16
491700,HK 200,주식,국내,0.05,N,109660,0,0.00,2026-10-08 10:16
0000Y0,HK 26-12 회사채(AA-이상)액티브,채권,국내,0.065,Y,102185,0,0.00,2026-10-08 10:16
215620,HK S&P코리아로우볼,주식,국내,0.4,N,16085,0,0.00,2026-10-08 10:16
0113P0,HK 머니마켓액티브,채권,국내,0.045,Y,102765,10,0.01,2026-10-08 10:16
391670,HK 베스트일레븐액티브,주식,국내,0.3,N,29075,0,0.00,2026-10-08 10:16
472920,HK 종합채권(AA-이상)액티브,채권,국내,0.036,Y,98640,-60,-0.06,2026-10-08 10:16
0246X0,SOL 글로벌DRAM반도체플러스,,,,N,9800,135,1.40,2026-10-08 10:16
