이름,날짜,종가
S&P 500,2025-07-28,6389.77
S&P 500,2025-07-29,6370.86
S&P 500,2025-07-30,6362.9
S&P 500,2025-07-31,6339.39
S&P 500,2025-08-01,6238.01
S&P 500,2025-08-04,6329.94
S&P 500,2025-08-05,6299.19
S&P 500,2025-08-06,6345.06
S&P 500,2025-08-07,6340.0
S&P 500,2025-08-08,6389.45
S&P 500,2025-08-11,6373.45
S&P 500,2025-08-12,6445.76
S&P 500,2025-08-13,6466.58
S&P 500,2025-08-14,6468.54
S&P 500,2025-08-15,6449.8
S&P 500,2025-08-18,6449.15
S&P 500,2025-08-19,6411.37
S&P 500,2025-08-20,6395.78
S&P 500,2025-08-21,6370.17
S&P 500,2025-08-22,6466.91
S&P 500,2025-08-25,6439.32
S&P 500,2025-08-26,6465.94
S&P 500,2025-08-27,6481.4
S&P 500,2025-08-28,6501.86
S&P 500,2025-08-29,6460.26
S&P 500,2025-09-02,6415.54
S&P 500,2025-09-03,6448.26
S&P 500,2025-09-04,6502.08
S&P 500,2025-09-05,6481.5
S&P 500,2025-09-08,6495.15
S&P 500,2025-09-09,6512.61
S&P 500,2025-09-10,6532.04
S&P 500,2025-09-11,6587.47
S&P 500,2025-09-12,6584.29
S&P 500,2025-09-15,6615.28
S&P 500,2025-09-16,6606.76
S&P 500,2025-09-17,6600.35
S&P 500,2025-09-18,6631.96
S&P 500,2025-09-19,6664.36
S&P 500,2025-09-22,6693.75
S&P 500,2025-09-23,6656.92
S&P 500,2025-09-24,6637.97
S&P 500,2025-09-25,6604.72
S&P 500,2025-09-26,6643.7
S&P 500,2025-09-29,6661.21
S&P 500,2025-09-30,6688.46
S&P 500,2025-10-01,6711.2
S&P 500,2025-10-02,6715.35
S&P 500,2025-10-03,6715.79
S&P 500,2025-10-06,6740.28
S&P 500,2025-10-07,6714.59
S&P 500,2025-10-08,6753.72
S&P 500,2025-10-09,6735.11
S&P 500,2025-10-10,6552.51
S&P 500,2025-10-13,6654.72
S&P 500,2025-10-14,6644.31
S&P 500,2025-10-15,6671.06
S&P 500,2025-10-16,6629.07
S&P 500,2025-10-17,6664.01
S&P 500,2025-10-20,6735.13
S&P 500,2025-10-21,6735.35
S&P 500,2025-10-22,6699.4
S&P 500,2025-10-23,6738.44
S&P 500,2025-10-24,6791.69
S&P 500,2025-10-27,6875.16
S&P 500,2025-10-28,6890.89
S&P 500,2025-10-29,6890.59
S&P 500,2025-10-30,6822.34
S&P 500,2025-10-31,6840.2
S&P 500,2025-11-03,6851.97
S&P 500,2025-11-04,6771.55
S&P 500,2025-11-05,6796.29
S&P 500,2025-11-06,6720.32
S&P 500,2025-11-07,6728.8
S&P 500,2025-11-10,6832.43
S&P 500,2025-11-11,6846.61
S&P 500,2025-11-12,6850.92
S&P 500,2025-11-13,6737.49
S&P 500,2025-11-14,6734.11
S&P 500,2025-11-17,6672.41
S&P 500,2025-11-18,6617.32
S&P 500,2025-11-19,6642.16
S&P 500,2025-11-20,6538.76
S&P 500,2025-11-21,6602.99
S&P 500,2025-11-24,6705.12
S&P 500,2025-11-25,6765.88
S&P 500,2025-11-26,6812.61
S&P 500,2025-11-28,6849.09
S&P 500,2025-12-01,6812.63
S&P 500,2025-12-02,6829.37
S&P 500,2025-12-03,6849.72
S&P 500,2025-12-04,6857.12
S&P 500,2025-12-05,6870.4
S&P 500,2025-12-08,6846.51
S&P 500,2025-12-09,6840.51
S&P 500,2025-12-10,6886.68
S&P 500,2025-12-11,6901.0
S&P 500,2025-12-12,6827.41
S&P 500,2025-12-15,6816.51
S&P 500,2025-12-16,6800.26
S&P 500,2025-12-17,6721.43
S&P 500,2025-12-18,6774.76
S&P 500,2025-12-19,6834.5
S&P 500,2025-12-22,6878.49
S&P 500,2025-12-23,6909.79
S&P 500,2025-12-24,6932.05
S&P 500,2025-12-26,6929.94
S&P 500,2025-12-29,6905.74
S&P 500,2025-12-30,6896.24
S&P 500,2025-12-31,6845.5
S&P 500,2026-01-02,6858.47
S&P 500,2026-01-05,6902.05
S&P 500,2026-01-06,6944.82
S&P 500,2026-01-07,6920.93
S&P 500,2026-01-08,6921.46
S&P 500,2026-01-09,6966.28
S&P 500,2026-01-12,6977.27
S&P 500,2026-01-13,6963.74
S&P 500,2026-01-14,6926.6
S&P 500,2026-01-15,6944.47
S&P 500,2026-01-16,6940.01
S&P 500,2026-01-20,6796.86
S&P 500,2026-01-21,6875.62
S&P 500,2026-01-22,6913.35
S&P 500,2026-01-23,6915.61
S&P 500,2026-01-26,6950.23
S&P 500,2026-01-27,6978.6
S&P 500,2026-01-28,6978.03
S&P 500,2026-01-29,6969.01
S&P 500,2026-01-30,6939.03
S&P 500,2026-02-02,6976.44
S&P 500,2026-02-03,6917.81
S&P 500,2026-02-04,6882.72
S&P 500,2026-02-05,6798.4
S&P 500,2026-02-06,6932.3
S&P 500,2026-02-09,6964.82
S&P 500,2026-02-10,6941.81
S&P 500,2026-02-11,6941.47
S&P 500,2026-02-12,6832.76
S&P 500,2026-02-13,6836.17
S&P 500,2026-02-17,6843.22
S&P 500,2026-02-18,6881.31
S&P 500,2026-02-19,6861.89
S&P 500,2026-02-20,6909.51
S&P 500,2026-02-23,6837.75
S&P 500,2026-02-24,6890.07
S&P 500,2026-02-25,6946.13
S&P 500,2026-02-26,6908.86
S&P 500,2026-02-27,6878.88
S&P 500,2026-03-02,6881.62
S&P 500,2026-03-03,6816.63
S&P 500,2026-03-04,6869.5
S&P 500,2026-03-05,6830.71
S&P 500,2026-03-06,6740.02
S&P 500,2026-03-09,6795.99
S&P 500,2026-03-10,6781.48
S&P 500,2026-03-11,6775.8
S&P 500,2026-03-12,6672.62
S&P 500,2026-03-13,6632.19
S&P 500,2026-03-16,6699.38
S&P 500,2026-03-17,6716.09
S&P 500,2026-03-18,6624.7
S&P 500,2026-03-19,6606.49
S&P 500,2026-03-20,6506.48
S&P 500,2026-03-23,6581.0
S&P 500,2026-03-24,6556.37
S&P 500,2026-03-25,6591.9
S&P 500,2026-03-26,6477.16
S&P 500,2026-03-27,6368.85
S&P 500,2026-03-30,6343.72
S&P 500,2026-03-31,6528.52
S&P 500,2026-04-01,6575.32
S&P 500,2026-04-02,6582.69
S&P 500,2026-04-06,6611.83
S&P 500,2026-04-07,6616.85
S&P 500,2026-04-08,6782.81
S&P 500,2026-04-09,6824.66
S&P 500,2026-04-10,6816.89
S&P 500,2026-04-13,6886.24
S&P 500,2026-04-14,6967.38
S&P 500,2026-04-15,7022.95
S&P 500,2026-04-16,7041.28
S&P 500,2026-04-17,7126.06
S&P 500,2026-04-20,7109.14
S&P 500,2026-04-21,7064.01
S&P 500,2026-04-22,7137.9
S&P 500,2026-04-23,7108.4
S&P 500,2026-04-24,7165.08
S&P 500,2026-04-27,7173.91
S&P 500,2026-04-28,7138.8
S&P 500,2026-04-29,7135.95
S&P 500,2026-04-30,7209.01
S&P 500,2026-05-01,7230.12
S&P 500,2026-05-04,7200.75
S&P 500,2026-05-05,7259.22
S&P 500,2026-05-06,7365.12
S&P 500,2026-05-07,7337.11
S&P 500,2026-05-08,7398.93
S&P 500,2026-05-11,7412.84
S&P 500,2026-05-12,7400.96
S&P 500,2026-05-13,7444.25
S&P 500,2026-05-14,7501.24
S&P 500,2026-05-15,7408.5
S&P 500,2026-05-18,7403.05
S&P 500,2026-05-19,7353.61
S&P 500,2026-05-20,7432.97
S&P 500,2026-05-21,7445.72
S&P 500,2026-05-22,7473.47
S&P 500,2026-05-26,7519.12
S&P 500,2026-05-27,7520.36
S&P 500,2026-05-28,7563.63
S&P 500,2026-05-29,7580.06
S&P 500,2026-06-01,7599.96
S&P 500,2026-06-02,7609.78
S&P 500,2026-06-03,7553.68
S&P 500,2026-06-04,7584.31
S&P 500,2026-06-05,7383.74
S&P 500,2026-06-08,7405.73
S&P 500,2026-06-09,7386.65
S&P 500,2026-06-10,7266.99
S&P 500,2026-06-11,7394.3
S&P 500,2026-06-12,7431.46
S&P 500,2026-06-15,7554.29
S&P 500,2026-06-16,7511.35
S&P 500,2026-06-17,7420.1
S&P 500,2026-06-18,7500.58
S&P 500,2026-06-22,7472.79
S&P 500,2026-06-23,7365.46
S&P 500,2026-06-24,7358.22
S&P 500,2026-06-25,7357.49
S&P 500,2026-06-26,7354.02
S&P 500,2026-06-29,7440.43
S&P 500,2026-06-30,7499.36
S&P 500,2026-07-01,7483.23
S&P 500,2026-07-02,7483.24
S&P 500,2026-07-06,7537.43
S&P 500,2026-07-07,7503.85
S&P 500,2026-07-08,7482.71
S&P 500,2026-07-09,7543.64
S&P 500,2026-07-10,7575.39
S&P 500,2026-07-13,7515.34
S&P 500,2026-07-14,7543.59
S&P 500,2026-07-15,7572.4
S&P 500,2026-07-16,7533.77
S&P 500,2026-07-17,7457.69
S&P 500,2026-07-20,7443.28
S&P 500,2026-07-21,7509.2
S&P 500,2026-07-22,7498.96
S&P 500,2026-07-23,7408.3
S&P 500,2026-07-24,7411.98
S&P 500,2026-07-27,7413.18
S&P 500,2026-07-28,7428.78
S&P 500,2026-07-29,7316.15
S&P 500,2026-07-30,7437.63
S&P 500,2026-07-31,7489.72
S&P 500,2026-08-03,7600.5
S&P 500,2026-08-04,7736.52
S&P 500,2026-08-05,7723.55
S&P 500,2026-08-06,7709.96
S&P 500,2026-08-07,7757.64
S&P 500,2026-08-10,7753.11
S&P 500,2026-08-11,7728.2
S&P 500,2026-08-12,7748.5
S&P 500,2026-08-13,7798.99
S&P 500,2026-08-14,7785.76
S&P 500,2026-08-17,7745.06
S&P 500,2026-08-18,7691.76
S&P 500,2026-08-19,7707.98
S&P 500,2026-08-20,7641.16
S&P 500,2026-08-21,7674.37
S&P 500,2026-08-24,7652.86
S&P 500,2026-08-25,7677.28
S&P 500,2026-08-26,7675.7
S&P 500,2026-08-27,7730.99
S&P 500,2026-08-28,7711.76
VIX,2025-07-28,15.03
VIX,2025-07-29,15.98
VIX,2025-07-30,15.48
VIX,2025-07-31,16.72
VIX,2025-08-01,20.38
VIX,2025-08-04,17.52
VIX,2025-08-05,17.85
VIX,2025-08-06,16.77
VIX,2025-08-07,16.57
VIX,2025-08-08,15.15
VIX,2025-08-11,16.25
VIX,2025-08-12,14.73
VIX,2025-08-13,14.49
VIX,2025-08-14,14.83
VIX,2025-08-15,15.09
VIX,2025-08-18,14.99
VIX,2025-08-19,15.57
VIX,2025-08-20,15.69
VIX,2025-08-21,16.6
VIX,2025-08-22,14.22
VIX,2025-08-25,14.79
VIX,2025-08-26,14.62
VIX,2025-08-27,14.85
VIX,2025-08-28,14.43
VIX,2025-08-29,15.36
VIX,2025-09-01,16.12
VIX,2025-09-02,17.17
VIX,2025-09-03,16.35
VIX,2025-09-04,15.3
VIX,2025-09-05,15.18
VIX,2025-09-08,15.11
VIX,2025-09-09,15.04
VIX,2025-09-10,15.35
VIX,2025-09-11,14.71
VIX,2025-09-12,14.76
VIX,2025-09-15,15.69
VIX,2025-09-16,16.36
VIX,2025-09-17,15.72
VIX,2025-09-18,15.7
VIX,2025-09-19,15.45
VIX,2025-09-22,16.1
VIX,2025-09-23,16.64
VIX,2025-09-24,16.18
VIX,2025-09-25,16.74
VIX,2025-09-26,15.29
VIX,2025-09-29,16.12
VIX,2025-09-30,16.28
VIX,2025-10-01,16.29
VIX,2025-10-02,16.63
VIX,2025-10-03,16.65
VIX,2025-10-06,16.37
VIX,2025-10-07,17.24
VIX,2025-10-08,16.3
VIX,2025-10-09,16.43
VIX,2025-10-10,21.66
VIX,2025-10-13,19.03
VIX,2025-10-14,20.81
VIX,2025-10-15,20.64
VIX,2025-10-16,25.31
VIX,2025-10-17,20.78
VIX,2025-10-20,18.23
VIX,2025-10-21,17.87
VIX,2025-10-22,18.6
VIX,2025-10-23,17.3
VIX,2025-10-24,16.37
VIX,2025-10-27,15.79
VIX,2025-10-28,16.42
VIX,2025-10-29,16.92
VIX,2025-10-30,16.91
VIX,2025-10-31,17.44
VIX,2025-11-03,17.17
VIX,2025-11-04,19.0
VIX,2025-11-05,18.01
VIX,2025-11-06,19.5
VIX,2025-11-07,19.08
VIX,2025-11-10,17.6
VIX,2025-11-11,17.28
VIX,2025-11-12,17.51
VIX,2025-11-13,20.0
VIX,2025-11-14,19.83
VIX,2025-11-17,22.38
VIX,2025-11-18,24.69
VIX,2025-11-19,23.66
VIX,2025-11-20,26.42
VIX,2025-11-21,23.43
VIX,2025-11-24,20.52
VIX,2025-11-25,18.56
VIX,2025-11-26,17.19
VIX,2025-11-27,17.21
VIX,2025-11-28,16.35
VIX,2025-12-01,17.24
VIX,2025-12-02,16.59
VIX,2025-12-03,16.08
VIX,2025-12-04,15.78
VIX,2025-12-05,15.41
VIX,2025-12-08,16.66
VIX,2025-12-09,16.93
VIX,2025-12-10,15.77
VIX,2025-12-11,14.85
VIX,2025-12-12,15.74
VIX,2025-12-15,16.5
VIX,2025-12-16,16.48
VIX,2025-12-17,17.62
VIX,2025-12-18,16.87
VIX,2025-12-19,14.91
VIX,2025-12-22,14.08
VIX,2025-12-23,14.0
VIX,2025-12-24,13.47
VIX,2025-12-26,13.6
VIX,2025-12-29,14.2
VIX,2025-12-30,14.33
VIX,2025-12-31,14.95
VIX,2026-01-02,14.51
VIX,2026-01-05,14.9
VIX,2026-01-06,14.75
VIX,2026-01-07,15.38
VIX,2026-01-08,15.45
VIX,2026-01-09,14.49
VIX,2026-01-12,15.12
VIX,2026-01-13,15.98
VIX,2026-01-14,16.75
VIX,2026-01-15,15.84
VIX,2026-01-16,15.86
VIX,2026-01-19,18.84
VIX,2026-01-20,20.09
VIX,2026-01-21,16.9
VIX,2026-01-22,15.64
VIX,2026-01-23,16.09
VIX,2026-01-26,16.15
VIX,2026-01-27,16.35
VIX,2026-01-28,16.35
VIX,2026-01-29,16.88
VIX,2026-01-30,17.44
VIX,2026-02-02,16.34
VIX,2026-02-03,18.0
VIX,2026-02-04,18.64
VIX,2026-02-05,21.77
VIX,2026-02-06,17.76
VIX,2026-02-09,17.36
VIX,2026-02-10,17.79
VIX,2026-02-11,17.65
VIX,2026-02-12,20.82
VIX,2026-02-13,20.6
VIX,2026-02-16,21.2
VIX,2026-02-17,20.29
VIX,2026-02-18,19.62
VIX,2026-02-19,20.23
VIX,2026-02-20,19.09
VIX,2026-02-23,21.01
VIX,2026-02-24,19.55
VIX,2026-02-25,17.93
VIX,2026-02-26,18.63
VIX,2026-02-27,19.86
VIX,2026-03-02,21.44
VIX,2026-03-03,23.57
VIX,2026-03-04,21.15
VIX,2026-03-05,23.75
VIX,2026-03-06,29.49
VIX,2026-03-09,25.5
VIX,2026-03-10,24.93
VIX,2026-03-11,24.23
VIX,2026-03-12,27.29
VIX,2026-03-13,27.19
VIX,2026-03-16,23.51
VIX,2026-03-17,22.37
VIX,2026-03-18,25.09
VIX,2026-03-19,24.06
VIX,2026-03-20,26.78
VIX,2026-03-23,26.15
VIX,2026-03-24,26.95
VIX,2026-03-25,25.33
VIX,2026-03-26,27.44
VIX,2026-03-27,31.05
VIX,2026-03-30,30.61
VIX,2026-03-31,25.25
VIX,2026-04-01,24.54
VIX,2026-04-02,23.87
VIX,2026-04-06,24.17
VIX,2026-04-07,25.78
VIX,2026-04-08,21.04
VIX,2026-04-09,19.49
VIX,2026-04-10,19.23
VIX,2026-04-13,19.12
VIX,2026-04-14,18.36
VIX,2026-04-15,18.17
VIX,2026-04-16,17.94
VIX,2026-04-17,17.48
VIX,2026-04-20,18.87
VIX,2026-04-21,19.5
VIX,2026-04-22,18.92
VIX,2026-04-23,19.31
VIX,2026-04-24,18.71
VIX,2026-04-27,18.02
VIX,2026-04-28,17.83
VIX,2026-04-29,18.81
VIX,2026-04-30,16.89
VIX,2026-05-01,16.99
VIX,2026-05-04,18.29
VIX,2026-05-05,17.38
VIX,2026-05-06,17.39
VIX,2026-05-07,17.08
VIX,2026-05-08,17.19
VIX,2026-05-11,18.38
VIX,2026-05-12,17.99
VIX,2026-05-13,17.87
VIX,2026-05-14,17.26
VIX,2026-05-15,18.43
VIX,2026-05-18,17.82
VIX,2026-05-19,18.06
VIX,2026-05-20,17.44
VIX,2026-05-21,16.76
VIX,2026-05-22,16.7
VIX,2026-05-25,16.59
VIX,2026-05-26,17.01
VIX,2026-05-27,16.29
VIX,2026-05-28,15.74
VIX,2026-05-29,15.32
VIX,2026-06-01,16.05
VIX,2026-06-02,15.77
VIX,2026-06-03,16.06
VIX,2026-06-04,15.4
VIX,2026-06-05,21.51
VIX,2026-06-08,18.92
VIX,2026-06-09,19.87
VIX,2026-06-10,22.22
VIX,2026-06-11,19.44
VIX,2026-06-12,17.68
VIX,2026-06-15,16.2
VIX,2026-06-16,16.41
VIX,2026-06-17,18.44
VIX,2026-06-18,16.4
VIX,2026-06-19,16.78
VIX,2026-06-22,17.28
VIX,2026-06-23,19.49
VIX,2026-06-24,18.63
VIX,2026-06-25,18.89
VIX,2026-06-26,18.41
VIX,2026-06-29,17.65
VIX,2026-06-30,16.45
VIX,2026-07-01,16.59
VIX,2026-07-02,16.15
VIX,2026-07-03,15.81
VIX,2026-07-06,15.57
VIX,2026-07-07,16.13
VIX,2026-07-08,16.9
VIX,2026-07-09,15.84
VIX,2026-07-10,15.03
VIX,2026-07-13,17.16
VIX,2026-07-14,16.5
VIX,2026-07-15,15.67
VIX,2026-07-16,16.73
VIX,2026-07-17,18.77
VIX,2026-07-20,18.65
VIX,2026-07-21,17.05
VIX,2026-07-22,16.64
VIX,2026-07-23,18.7
VIX,2026-07-24,18.58
VIX,2026-07-27,18.67
VIX,2026-07-28,18.21
VIX,2026-07-29,20.66
VIX,2026-07-30,17.09
VIX,2026-07-31,15.99
VIX,2026-08-03,15.86
VIX,2026-08-04,16.5
VIX,2026-08-05,15.81
VIX,2026-08-06,15.15
VIX,2026-08-07,14.9
VIX,2026-08-10,15.46
VIX,2026-08-11,15.28
VIX,2026-08-12,14.55
VIX,2026-08-13,14.63
VIX,2026-08-14,14.25
VIX,2026-08-17,15.19
VIX,2026-08-18,15.84
VIX,2026-08-19,14.89
VIX,2026-08-20,16.01
VIX,2026-08-21,15.13
VIX,2026-08-24,15.85
VIX,2026-08-25,15.45
VIX,2026-08-26,15.21
VIX,2026-08-27,14.51
VIX,2026-08-28,14.43
VIX,2026-08-31,15.26
나스닥,2025-07-28,21178.584
나스닥,2025-07-29,21098.291
나스닥,2025-07-30,21129.674
나스닥,2025-07-31,21122.448
나스닥,2025-08-01,20650.132
나스닥,2025-08-04,21053.582
나스닥,2025-08-05,20916.55
나스닥,2025-08-06,21169.424
나스닥,2025-08-07,21242.697
나스닥,2025-08-08,21450.022
나스닥,2025-08-11,21385.404
나스닥,2025-08-12,21681.904
나스닥,2025-08-13,21713.14
나스닥,2025-08-14,21710.67
나스닥,2025-08-15,21622.977
나스닥,2025-08-18,21629.774
나스닥,2025-08-19,21314.952
나스닥,2025-08-20,21172.857
나스닥,2025-08-21,21100.312
나스닥,2025-08-22,21496.535
나스닥,2025-08-25,21449.292
나스닥,2025-08-26,21544.27
나스닥,2025-08-27,21590.14
나스닥,2025-08-28,21705.158
나스닥,2025-08-29,21455.552
나스닥,2025-09-02,21279.63
나스닥,2025-09-03,21497.727
나스닥,2025-09-04,21707.694
나스닥,2025-09-05,21700.388
나스닥,2025-09-08,21798.699
나스닥,2025-09-09,21879.489
나스닥,2025-09-10,21886.06
나스닥,2025-09-11,22043.075
나스닥,2025-09-12,22141.103
나스닥,2025-09-15,22348.749
나스닥,2025-09-16,22333.959
나스닥,2025-09-17,22261.326
나스닥,2025-09-18,22470.725
나스닥,2025-09-19,22631.476
나스닥,2025-09-22,22788.976
나스닥,2025-09-23,22573.473
나스닥,2025-09-24,22497.855
나스닥,2025-09-25,22384.698
나스닥,2025-09-26,22484.068
나스닥,2025-09-29,22591.154
나스닥,2025-09-30,22660.009
나스닥,2025-10-01,22755.157
나스닥,2025-10-02,22844.051
나스닥,2025-10-03,22780.506
나스닥,2025-10-06,22941.667
나스닥,2025-10-07,22788.363
나스닥,2025-10-08,23043.378
나스닥,2025-10-09,23024.626
나스닥,2025-10-10,22204.43
나스닥,2025-10-13,22694.608
나스닥,2025-10-14,22521.701
나스닥,2025-10-15,22670.08
나스닥,2025-10-16,22562.537
나스닥,2025-10-17,22679.975
나스닥,2025-10-20,22990.543
나스닥,2025-10-21,22953.666
나스닥,2025-10-22,22740.396
나스닥,2025-10-23,22941.798
나스닥,2025-10-24,23204.867
나스닥,2025-10-27,23637.456
나스닥,2025-10-28,23827.493
나스닥,2025-10-29,23958.473
나스닥,2025-10-30,23581.144
나스닥,2025-10-31,23724.957
나스닥,2025-11-03,23834.723
나스닥,2025-11-04,23348.637
나스닥,2025-11-05,23499.797
나스닥,2025-11-06,23053.993
나스닥,2025-11-07,23004.538
나스닥,2025-11-10,23527.174
나스닥,2025-11-11,23468.301
나스닥,2025-11-12,23406.457
나스닥,2025-11-13,22870.355
나스닥,2025-11-14,22900.589
나스닥,2025-11-17,22708.075
나스닥,2025-11-18,22432.846
나스닥,2025-11-19,22564.229
나스닥,2025-11-20,22078.048
나스닥,2025-11-21,22273.083
나스닥,2025-11-24,22872.005
나스닥,2025-11-25,23025.591
나스닥,2025-11-26,23214.69
나스닥,2025-11-28,23365.686
나스닥,2025-12-01,23275.922
나스닥,2025-12-02,23413.674
나스닥,2025-12-03,23454.092
나스닥,2025-12-04,23505.136
나스닥,2025-12-05,23578.128
나스닥,2025-12-08,23545.904
나스닥,2025-12-09,23576.486
나스닥,2025-12-10,23654.155
나스닥,2025-12-11,23593.855
나스닥,2025-12-12,23195.169
나스닥,2025-12-15,23057.413
나스닥,2025-12-16,23111.462
나스닥,2025-12-17,22693.323
나스닥,2025-12-18,23006.361
나스닥,2025-12-19,23307.62
나스닥,2025-12-22,23428.829
나스닥,2025-12-23,23561.844
나스닥,2025-12-24,23613.307
나스닥,2025-12-26,23593.097
나스닥,2025-12-29,23474.349
나스닥,2025-12-30,23419.08
나스닥,2025-12-31,23241.991
나스닥,2026-01-02,23235.629
나스닥,2026-01-05,23395.822
나스닥,2026-01-06,23547.173
나스닥,2026-01-07,23584.275
나스닥,2026-01-08,23480.016
나스닥,2026-01-09,23671.346
나스닥,2026-01-12,23733.904
나스닥,2026-01-13,23709.873
나스닥,2026-01-14,23471.749
나스닥,2026-01-15,23530.022
나스닥,2026-01-16,23515.388
나스닥,2026-01-20,22954.322
나스닥,2026-01-21,23224.825
나스닥,2026-01-22,23436.02
나스닥,2026-01-23,23501.244
나스닥,2026-01-26,23601.356
나스닥,2026-01-27,23817.098
나스닥,2026-01-28,23857.447
나스닥,2026-01-29,23685.12
나스닥,2026-01-30,23461.816
나스닥,2026-02-02,23592.107
나스닥,2026-02-03,23255.185
나스닥,2026-02-04,22904.579
나스닥,2026-02-05,22540.586
나스닥,2026-02-06,23031.213
나스닥,2026-02-09,23238.67
나스닥,2026-02-10,23102.474
나스닥,2026-02-11,23066.467
나스닥,2026-02-12,22597.148
나스닥,2026-02-13,22546.671
나스닥,2026-02-17,22578.384
나스닥,2026-02-18,22753.635
나스닥,2026-02-19,22682.729
나스닥,2026-02-20,22886.069
나스닥,2026-02-23,22627.273
나스닥,2026-02-24,22863.682
나스닥,2026-02-25,23152.077
나스닥,2026-02-26,22878.383
나스닥,2026-02-27,22668.212
나스닥,2026-03-02,22748.857
나스닥,2026-03-03,22516.691
나스닥,2026-03-04,22807.484
나스닥,2026-03-05,22748.986
나스닥,2026-03-06,22387.679
나스닥,2026-03-09,22695.946
나스닥,2026-03-10,22697.104
나스닥,2026-03-11,22716.135
나스닥,2026-03-12,22311.979
나스닥,2026-03-13,22105.359
나스닥,2026-03-16,22374.178
나스닥,2026-03-17,22479.528
나스닥,2026-03-18,22152.421
나스닥,2026-03-19,22090.691
나스닥,2026-03-20,21647.611
나스닥,2026-03-23,21946.76
나스닥,2026-03-24,21761.894
나스닥,2026-03-25,21929.825
나스닥,2026-03-26,21408.081
나스닥,2026-03-27,20948.357
나스닥,2026-03-30,20794.641
나스닥,2026-03-31,21590.629
나스닥,2026-04-01,21840.947
나스닥,2026-04-02,21879.182
나스닥,2026-04-06,21996.337
나스닥,2026-04-07,22017.849
나스닥,2026-04-08,22634.995
나스닥,2026-04-09,22822.417
나스닥,2026-04-10,22902.894
나스닥,2026-04-13,23183.736
나스닥,2026-04-14,23639.083
나스닥,2026-04-15,24016.017
나스닥,2026-04-16,24102.704
나스닥,2026-04-17,24468.48
나스닥,2026-04-20,24404.393
나스닥,2026-04-21,24259.964
나스닥,2026-04-22,24657.567
나스닥,2026-04-23,24438.504
나스닥,2026-04-24,24836.599
나스닥,2026-04-27,24887.1
나스닥,2026-04-28,24663.799
나스닥,2026-04-29,24673.241
나스닥,2026-04-30,24892.313
나스닥,2026-05-01,25114.443
나스닥,2026-05-04,25067.801
나스닥,2026-05-05,25326.126
나스닥,2026-05-06,25838.943
나스닥,2026-05-07,25806.196
나스닥,2026-05-08,26247.076
나스닥,2026-05-11,26274.125
나스닥,2026-05-12,26088.203
나스닥,2026-05-13,26402.344
나스닥,2026-05-14,26635.222
나스닥,2026-05-15,26225.145
나스닥,2026-05-18,26090.734
나스닥,2026-05-19,25870.71
나스닥,2026-05-20,26270.359
나스닥,2026-05-21,26293.098
나스닥,2026-05-22,26343.97
나스닥,2026-05-26,26656.181
나스닥,2026-05-27,26674.735
나스닥,2026-05-28,26917.471
나스닥,2026-05-29,26972.62
나스닥,2026-06-01,27086.808
나스닥,2026-06-02,27093.901
나스닥,2026-06-03,26853.976
나스닥,2026-06-04,26830.958
나스닥,2026-06-05,25709.432
나스닥,2026-06-08,25929.663
나스닥,2026-06-09,25678.822
나스닥,2026-06-10,25169.501
나스닥,2026-06-11,25809.66
나스닥,2026-06-12,25888.844
나스닥,2026-06-15,26683.941
나스닥,2026-06-16,26376.344
나스닥,2026-06-17,26021.656
나스닥,2026-06-18,26517.931
나스닥,2026-06-22,26166.602
나스닥,2026-06-23,25587.039
나스닥,2026-06-24,25476.636
나스닥,2026-06-25,25358.603
나스닥,2026-06-26,25297.618
나스닥,2026-06-29,25820.144
나스닥,2026-06-30,26213.72
나스닥,2026-07-01,26040.031
나스닥,2026-07-02,25832.672
나스닥,2026-07-06,26121.16
나스닥,2026-07-07,25818.69
나스닥,2026-07-08,25870.652
나스닥,2026-07-09,26206.89
나스닥,2026-07-10,26281.607
나스닥,2026-07-13,25873.176
나스닥,2026-07-14,26107.008
나스닥,2026-07-15,26269.227
나스닥,2026-07-16,25881.946
나스닥,2026-07-17,25520.244
나스닥,2026-07-20,25508.072
나스닥,2026-07-21,25837.207
나스닥,2026-07-22,25690.903
나스닥,2026-07-23,25137.692
나스닥,2026-07-24,24975.824
나스닥,2026-07-27,24932.081
나스닥,2026-07-28,24876.912
나스닥,2026-07-29,24442.942
나스닥,2026-07-30,25122.177
나스닥,2026-07-31,25373.853
나스닥,2026-08-03,25913.896
나스닥,2026-08-04,26584.993
나스닥,2026-08-05,26363.439
나스닥,2026-08-06,26348.352
나스닥,2026-08-07,26690.615
나스닥,2026-08-10,26605.357
나스닥,2026-08-11,26445.446
나스닥,2026-08-12,26588.488
나스닥,2026-08-13,26803.025
나스닥,2026-08-14,26729.164
나스닥,2026-08-17,26644.911
나스닥,2026-08-18,26289.711
나스닥,2026-08-19,26331.09
나스닥,2026-08-20,26067.166
나스닥,2026-08-21,26180.455
나스닥,2026-08-24,25980.19
나스닥,2026-08-25,26151.3
나스닥,2026-08-26,26130.197
나스닥,2026-08-27,26541.352
나스닥,2026-08-28,26402.423
다우,2025-07-28,44837.56
다우,2025-07-29,44632.99
다우,2025-07-30,44461.28
다우,2025-07-31,44130.98
다우,2025-08-01,43588.58
다우,2025-08-04,44173.64
다우,2025-08-05,44111.74
다우,2025-08-06,44193.12
다우,2025-08-07,43968.64
다우,2025-08-08,44175.61
다우,2025-08-11,43975.09
다우,2025-08-12,44458.61
다우,2025-08-13,44922.27
다우,2025-08-14,44911.26
다우,2025-08-15,44946.12
다우,2025-08-18,44911.82
다우,2025-08-19,44922.27
다우,2025-08-20,44938.31
다우,2025-08-21,44785.5
다우,2025-08-22,45631.74
다우,2025-08-25,45282.47
다우,2025-08-26,45418.07
다우,2025-08-27,45565.23
다우,2025-08-28,45636.9
다우,2025-08-29,45544.88
다우,2025-09-02,45295.81
다우,2025-09-03,45271.23
다우,2025-09-04,45621.29
다우,2025-09-05,45400.86
다우,2025-09-08,45514.95
다우,2025-09-09,45711.34
다우,2025-09-10,45490.92
다우,2025-09-11,46108.0
다우,2025-09-12,45834.22
다우,2025-09-15,45883.45
다우,2025-09-16,45757.9
다우,2025-09-17,46018.32
다우,2025-09-18,46142.42
다우,2025-09-19,46315.27
다우,2025-09-22,46381.54
다우,2025-09-23,46292.78
다우,2025-09-24,46121.28
다우,2025-09-25,45947.32
다우,2025-09-26,46247.29
다우,2025-09-29,46316.07
다우,2025-09-30,46397.89
다우,2025-10-01,46441.1
다우,2025-10-02,46519.72
다우,2025-10-03,46758.28
다우,2025-10-06,46694.97
다우,2025-10-07,46602.98
다우,2025-10-08,46601.78
다우,2025-10-09,46358.42
다우,2025-10-10,45479.6
다우,2025-10-13,46067.58
다우,2025-10-14,46270.46
다우,2025-10-15,46253.31
다우,2025-10-16,45952.24
다우,2025-10-17,46190.61
다우,2025-10-20,46706.58
다우,2025-10-21,46924.74
다우,2025-10-22,46590.41
다우,2025-10-23,46734.61
다우,2025-10-24,47207.12
다우,2025-10-27,47544.59
다우,2025-10-28,47706.37
다우,2025-10-29,47632.0
다우,2025-10-30,47522.12
다우,2025-10-31,47562.87
다우,2025-11-03,47336.68
다우,2025-11-04,47085.24
다우,2025-11-05,47311.0
다우,2025-11-06,46912.3
다우,2025-11-07,46987.1
다우,2025-11-10,47368.63
다우,2025-11-11,47927.96
다우,2025-11-12,48254.82
다우,2025-11-13,47457.22
다우,2025-11-14,47147.48
다우,2025-11-17,46590.24
다우,2025-11-18,46091.74
다우,2025-11-19,46138.77
다우,2025-11-20,45752.26
다우,2025-11-21,46245.41
다우,2025-11-24,46448.27
다우,2025-11-25,47112.45
다우,2025-11-26,47427.12
다우,2025-11-28,47716.42
다우,2025-12-01,47289.33
다우,2025-12-02,47474.46
다우,2025-12-03,47882.9
다우,2025-12-04,47850.94
다우,2025-12-05,47954.99
다우,2025-12-08,47739.32
다우,2025-12-09,47560.29
다우,2025-12-10,48057.75
다우,2025-12-11,48704.01
다우,2025-12-12,48458.05
다우,2025-12-15,48416.56
다우,2025-12-16,48114.26
다우,2025-12-17,47885.97
다우,2025-12-18,47951.85
다우,2025-12-19,48134.89
다우,2025-12-22,48362.68
다우,2025-12-23,48442.41
다우,2025-12-24,48731.16
다우,2025-12-26,48710.97
다우,2025-12-29,48461.93
다우,2025-12-30,48367.06
다우,2025-12-31,48063.29
다우,2026-01-02,48382.39
다우,2026-01-05,48977.18
다우,2026-01-06,49462.08
다우,2026-01-07,48996.08
다우,2026-01-08,49266.11
다우,2026-01-09,49504.07
다우,2026-01-12,49590.2
다우,2026-01-13,49191.99
다우,2026-01-14,49149.63
다우,2026-01-15,49442.44
다우,2026-01-16,49359.33
다우,2026-01-20,48488.59
다우,2026-01-21,49077.23
다우,2026-01-22,49384.01
다우,2026-01-23,49098.71
다우,2026-01-26,49412.4
다우,2026-01-27,49003.41
다우,2026-01-28,49015.6
다우,2026-01-29,49071.56
다우,2026-01-30,48892.47
다우,2026-02-02,49407.66
다우,2026-02-03,49240.99
다우,2026-02-04,49501.3
다우,2026-02-05,48908.72
다우,2026-02-06,50115.67
다우,2026-02-09,50135.87
다우,2026-02-10,50188.14
다우,2026-02-11,50121.4
다우,2026-02-12,49451.98
다우,2026-02-13,49500.93
다우,2026-02-17,49533.19
다우,2026-02-18,49662.66
다우,2026-02-19,49395.16
다우,2026-02-20,49625.97
다우,2026-02-23,48804.06
다우,2026-02-24,49174.5
다우,2026-02-25,49482.15
다우,2026-02-26,49499.2
다우,2026-02-27,48977.92
다우,2026-03-02,48904.78
다우,2026-03-03,48501.27
다우,2026-03-04,48739.41
다우,2026-03-05,47954.74
다우,2026-03-06,47501.55
다우,2026-03-09,47740.8
다우,2026-03-10,47706.51
다우,2026-03-11,47417.27
다우,2026-03-12,46677.85
다우,2026-03-13,46558.47
다우,2026-03-16,46946.41
다우,2026-03-17,46993.26
다우,2026-03-18,46225.15
다우,2026-03-19,46021.43
다우,2026-03-20,45577.47
다우,2026-03-23,46208.47
다우,2026-03-24,46124.06
다우,2026-03-25,46429.49
다우,2026-03-26,45960.11
다우,2026-03-27,45166.64
다우,2026-03-30,45216.14
다우,2026-03-31,46341.51
다우,2026-04-01,46565.74
다우,2026-04-02,46504.67
다우,2026-04-06,46669.88
다우,2026-04-07,46584.46
다우,2026-04-08,47909.92
다우,2026-04-09,48185.8
다우,2026-04-10,47916.57
다우,2026-04-13,48218.25
다우,2026-04-14,48535.99
다우,2026-04-15,48463.72
다우,2026-04-16,48578.72
다우,2026-04-17,49447.43
다우,2026-04-20,49442.56
다우,2026-04-21,49149.38
다우,2026-04-22,49490.03
다우,2026-04-23,49310.32
다우,2026-04-24,49230.71
다우,2026-04-27,49167.79
다우,2026-04-28,49141.93
다우,2026-04-29,48861.81
다우,2026-04-30,49652.14
다우,2026-05-01,49499.27
다우,2026-05-04,48941.9
다우,2026-05-05,49298.25
다우,2026-05-06,49910.59
다우,2026-05-07,49596.97
다우,2026-05-08,49609.16
다우,2026-05-11,49704.47
다우,2026-05-12,49760.56
다우,2026-05-13,49693.2
다우,2026-05-14,50063.46
다우,2026-05-15,49526.17
다우,2026-05-18,49686.12
다우,2026-05-19,49363.88
다우,2026-05-20,50009.35
다우,2026-05-21,50285.66
다우,2026-05-22,50579.7
다우,2026-05-26,50461.68
다우,2026-05-27,50644.28
다우,2026-05-28,50668.97
다우,2026-05-29,51032.46
다우,2026-06-01,51078.88
다우,2026-06-02,51307.79
다우,2026-06-03,50687.07
다우,2026-06-04,51561.93
다우,2026-06-05,50866.78
다우,2026-06-08,50786.01
다우,2026-06-09,50872.11
다우,2026-06-10,49918.78
다우,2026-06-11,50848.75
다우,2026-06-12,51202.26
다우,2026-06-15,51671.03
다우,2026-06-16,51999.67
다우,2026-06-17,51492.55
다우,2026-06-18,51564.7
다우,2026-06-22,51712.71
다우,2026-06-23,51666.84
다우,2026-06-24,51848.9
다우,2026-06-25,51920.62
다우,2026-06-26,51876.11
다우,2026-06-29,52182.74
다우,2026-06-30,52319.2
다우,2026-07-01,52305.24
다우,2026-07-02,52900.07
다우,2026-07-06,53055.91
다우,2026-07-07,52925.15
다우,2026-07-08,52348.39
다우,2026-07-09,52487.41
다우,2026-07-10,52637.01
다우,2026-07-13,52498.64
다우,2026-07-14,52508.27
다우,2026-07-15,52658.64
다우,2026-07-16,52552.97
다우,2026-07-17,52146.42
다우,2026-07-20,51839.26
다우,2026-07-21,52224.64
다우,2026-07-22,52218.58
다우,2026-07-23,51711.65
다우,2026-07-24,51947.25
다우,2026-07-27,52210.08
다우,2026-07-28,52747.32
다우,2026-07-29,51594.14
다우,2026-07-30,52208.06
다우,2026-07-31,52485.03
다우,2026-08-03,53178.41
다우,2026-08-04,54085.88
다우,2026-08-05,54349.12
다우,2026-08-06,53885.1
다우,2026-08-07,54036.93
다우,2026-08-10,53975.98
다우,2026-08-11,53791.85
다우,2026-08-12,53770.27
다우,2026-08-13,53839.99
다우,2026-08-14,53732.41
다우,2026-08-17,53459.78
다우,2026-08-18,53343.4
다우,2026-08-19,53463.05
다우,2026-08-20,52759.21
다우,2026-08-21,53277.01
다우,2026-08-24,53417.16
다우,2026-08-25,53577.4
다우,2026-08-26,53463.88
다우,2026-08-27,53569.44
다우,2026-08-28,53559.99
원/달러,2025-06-12,1356.40
원/달러,2025-06-13,1368.50
원/달러,2025-06-16,1359.00
원/달러,2025-06-17,1379.50
원/달러,2025-06-18,1374.50
원/달러,2025-06-19,1377.80
원/달러,2025-06-20,1376.50
원/달러,2025-06-23,1372.50
원/달러,2025-06-24,1359.00
원/달러,2025-06-25,1361.00
원/달러,2025-06-26,1358.50
원/달러,2025-06-27,1364.00
원/달러,2025-06-30,1354.00
원/달러,2025-07-01,1358.00
원/달러,2025-07-02,1356.00
원/달러,2025-07-03,1363.50
원/달러,2025-07-04,1366.50
원/달러,2025-07-07,1376.00
원/달러,2025-07-08,1371.50
원/달러,2025-07-09,1374.80
원/달러,2025-07-10,1372.50
원/달러,2025-07-11,1379.20
원/달러,2025-07-14,1383.20
원/달러,2025-07-15,1387.50
원/달러,2025-07-16,1387.00
원/달러,2025-07-17,1391.50
원/달러,2025-07-18,1392.10
원/달러,2025-07-21,1383.30
원/달러,2025-07-22,1381.50
원/달러,2025-07-23,1376.50
원/달러,2025-07-24,1373.70
원/달러,2025-07-25,1384.50
원/달러,2025-07-28,1390.00
원/달러,2025-07-29,1389.00
원/달러,2025-07-30,1393.00
원/달러,2025-07-31,1395.00
원/달러,2025-08-01,1391.00
원/달러,2025-08-04,1386.00
원/달러,2025-08-05,1387.70
원/달러,2025-08-06,1385.50
원/달러,2025-08-07,1385.00
원/달러,2025-08-08,1391.50
원/달러,2025-08-11,1392.50
원/달러,2025-08-12,1385.50
원/달러,2025-08-13,1380.00
원/달러,2025-08-14,1390.00
원/달러,2025-08-18,1388.80
원/달러,2025-08-19,1393.20
원/달러,2025-08-20,1397.50
원/달러,2025-08-21,1401.50
원/달러,2025-08-22,1385.90
원/달러,2025-08-25,1391.50
원/달러,2025-08-26,1395.00
원/달러,2025-08-27,1394.00
원/달러,2025-08-28,1385.50
원/달러,2025-08-29,1391.50
원/달러,2025-09-01,1393.50
원/달러,2025-09-02,1396.00
원/달러,2025-09-03,1391.00
원/달러,2025-09-04,1394.00
원/달러,2025-09-05,1391.00
원/달러,2025-09-08,1386.50
원/달러,2025-09-09,1390.00
원/달러,2025-09-10,1389.90
원/달러,2025-09-11,1390.40
원/달러,2025-09-12,1394.00
원/달러,2025-09-15,1386.50
원/달러,2025-09-16,1379.80
원/달러,2025-09-17,1381.00
원/달러,2025-09-18,1388.50
원/달러,2025-09-19,1399.00
원/달러,2025-09-22,1392.00
원/달러,2025-09-23,1395.50
원/달러,2025-09-24,1405.00
원/달러,2025-09-25,1409.00
원/달러,2025-09-26,1410.50
원/달러,2025-09-29,1400.50
원/달러,2025-09-30,1406.00
원/달러,2025-10-01,1403.50
원/달러,2025-10-02,1424.70
원/달러,2025-10-10,1436.00
원/달러,2025-10-13,1427.00
원/달러,2025-10-14,1430.50
원/달러,2025-10-15,1422.50
원/달러,2025-10-16,1418.50
원/달러,2025-10-17,1423.80
원/달러,2025-10-20,1422.00
원/달러,2025-10-21,1432.00
원/달러,2025-10-22,1432.80
원/달러,2025-10-23,1437.50
원/달러,2025-10-24,1439.70
원/달러,2025-10-27,1433.50
원/달러,2025-10-28,1434.50
원/달러,2025-10-29,1427.50
원/달러,2025-10-30,1430.50
원/달러,2025-10-31,1431.20
원/달러,2025-11-03,1431.00
원/달러,2025-11-04,1444.00
원/달러,2025-11-05,1441.00
원/달러,2025-11-06,1449.00
원/달러,2025-11-07,1460.00
원/달러,2025-11-10,1456.80
원/달러,2025-11-11,1461.80
원/달러,2025-11-12,1469.50
원/달러,2025-11-13,1471.00
원/달러,2025-11-14,1455.50
원/달러,2025-11-17,1462.50
원/달러,2025-11-18,1461.00
원/달러,2025-11-19,1469.50
원/달러,2025-11-20,1475.00
원/달러,2025-11-21,1472.00
원/달러,2025-11-24,1475.20
원/달러,2025-11-25,1466.20
원/달러,2025-11-26,1470.50
원/달러,2025-11-27,1463.00
원/달러,2025-11-28,1470.50
원/달러,2025-12-01,1470.90
원/달러,2025-12-02,1469.50
원/달러,2025-12-03,1467.00
원/달러,2025-12-04,1475.00
원/달러,2025-12-05,1475.00
원/달러,2025-12-08,1469.50
원/달러,2025-12-09,1470.80
원/달러,2025-12-10,1466.60
원/달러,2025-12-11,1472.50
원/달러,2025-12-12,1477.50
원/달러,2025-12-15,1470.80
원/달러,2025-12-16,1474.50
원/달러,2025-12-17,1478.50
원/달러,2025-12-18,1476.50
원/달러,2025-12-19,1481.00
원/달러,2025-12-22,1480.80
원/달러,2025-12-23,1482.00
원/달러,2025-12-24,1450.00
원/달러,2025-12-26,1445.00
원/달러,2025-12-29,1434.50
원/달러,2025-12-30,1441.00
원/달러,2025-12-31,1447.00
원/달러,2026-01-02,1446.70
원/달러,2026-01-05,1446.80
원/달러,2026-01-06,1449.00
원/달러,2026-01-07,1450.50
원/달러,2026-01-08,1453.00
원/달러,2026-01-09,1459.90
원/달러,2026-01-12,1468.00
원/달러,2026-01-13,1478.50
원/달러,2026-01-14,1466.50
원/달러,2026-01-15,1470.30
원/달러,2026-01-16,1475.50
원/달러,2026-01-19,1474.50
원/달러,2026-01-20,1479.80
원/달러,2026-01-21,1467.70
원/달러,2026-01-22,1465.00
원/달러,2026-01-23,1455.30
원/달러,2026-01-26,1448.00
원/달러,2026-01-27,1435.50
원/달러,2026-01-28,1433.50
원/달러,2026-01-29,1435.00
원/달러,2026-01-30,1452.00
원/달러,2026-02-02,1453.50
원/달러,2026-02-03,1451.00
원/달러,2026-02-04,1460.50
원/달러,2026-02-05,1469.00
원/달러,2026-02-06,1465.50
원/달러,2026-02-09,1459.50
원/달러,2026-02-10,1459.00
원/달러,2026-02-11,1448.00
원/달러,2026-02-12,1442.50
원/달러,2026-02-13,1453.00
원/달러,2026-02-19,1451.00
원/달러,2026-02-20,1448.00
원/달러,2026-02-23,1446.00
원/달러,2026-02-24,1442.50
원/달러,2026-02-25,1427.50
원/달러,2026-02-26,1432.50
원/달러,2026-02-27,1466.50
원/달러,2026-03-03,1480.00
원/달러,2026-03-04,1463.50
원/달러,2026-03-05,1479.00
원/달러,2026-03-06,1485.00
원/달러,2026-03-09,1467.50
원/달러,2026-03-10,1475.50
원/달러,2026-03-11,1479.00
원/달러,2026-03-12,1491.00
원/달러,2026-03-13,1499.00
원/달러,2026-03-16,1491.50
원/달러,2026-03-17,1488.00
원/달러,2026-03-18,1505.00
원/달러,2026-03-19,1491.00
원/달러,2026-03-20,1506.50
원/달러,2026-03-23,1489.50
원/달러,2026-03-24,1497.00
원/달러,2026-03-25,1504.50
원/달러,2026-03-26,1508.00
원/달러,2026-03-27,1509.00
원/달러,2026-03-30,1517.50
원/달러,2026-03-31,1510.50
원/달러,2026-04-01,1513.00
원/달러,2026-04-02,1512.50
원/달러,2026-04-03,1513.50
원/달러,2026-04-06,1508.50
원/달러,2026-04-07,1497.00
원/달러,2026-04-08,1481.00
원/달러,2026-04-09,1476.00
원/달러,2026-04-10,1489.20
원/달러,2026-04-13,1480.50
원/달러,2026-04-14,1473.50
원/달러,2026-04-15,1476.50
원/달러,2026-04-16,1480.80
원/달러,2026-04-17,1479.30
원/달러,2026-04-20,1472.30
원/달러,2026-04-21,1482.00
원/달러,2026-04-22,1479.50
원/달러,2026-04-23,1484.00
원/달러,2026-04-24,1478.00
원/달러,2026-04-27,1475.00
원/달러,2026-04-28,1474.50
원/달러,2026-04-29,1488.00
원/달러,2026-04-30,1475.50
원/달러,2026-05-04,1469.00
원/달러,2026-05-06,1449.00
원/달러,2026-05-07,1458.00
원/달러,2026-05-08,1464.00
원/달러,2026-05-11,1475.00
원/달러,2026-05-12,1492.00
원/달러,2026-05-13,1489.50
원/달러,2026-05-14,1493.50
원/달러,2026-05-15,1498.00
원/달러,2026-05-18,1492.00
원/달러,2026-05-19,1507.80
원/달러,2026-05-20,1498.50
원/달러,2026-05-21,1505.50
원/달러,2026-05-22,1512.00
원/달러,2026-05-26,1507.50
원/달러,2026-05-27,1502.00
원/달러,2026-05-28,1496.50
원/달러,2026-05-29,1507.50
원/달러,2026-06-01,1514.50
원/달러,2026-06-02,1535.00
원/달러,2026-06-04,1534.00
원/달러,2026-06-05,1559.50
원/달러,2026-06-08,1527.80
원/달러,2026-06-09,1524.50
원/달러,2026-06-10,1524.50
원/달러,2026-06-11,1519.00
원/달러,2026-06-12,1514.70
원/달러,2026-06-15,1515.50
원/달러,2026-06-16,1511.00
원/달러,2026-06-17,1525.50
원/달러,2026-06-18,1538.00
원/달러,2026-06-19,1533.00
원/달러,2026-06-22,1538.50
원/달러,2026-06-23,1533.50
원/달러,2026-06-24,1543.50
원/달러,2026-06-25,1545.00
원/달러,2026-06-26,1537.50
원/달러,2026-06-29,1541.50
원/달러,2026-06-30,1548.00
원/달러,2026-07-01,1552.50
원/달러,2026-07-02,1542.50
원/달러,2026-07-03,1529.00
원/달러,2026-07-06,1530.50
원/달러,2026-07-07,1517.20
원/달러,2026-07-08,1507.00
원/달러,2026-07-09,1507.00
원/달러,2026-07-10,1502.00
원/달러,2026-07-13,1499.50
원/달러,2026-07-14,1491.00
원/달러,2026-07-15,1488.50
원/달러,2026-07-16,1491.00
원/달러,2026-07-20,1478.50
원/달러,2026-07-21,1482.50
원/달러,2026-07-22,1479.00
원/달러,2026-07-23,1476.50
원/달러,2026-07-24,1462.50
원/달러,2026-07-27,1466.00
원/달러,2026-07-28,1455.20
원/달러,2026-07-29,1446.00
원/달러,2026-07-30,1426.20
원/달러,2026-07-31,1440.00
원/달러,2026-08-03,1430.80
원/달러,2026-08-04,1431.00
원/달러,2026-08-05,1423.50
원/달러,2026-08-06,1424.50
원/달러,2026-08-07,1411.00
원/달러,2026-08-10,1419.50
원/달러,2026-08-11,1413.50
원/달러,2026-08-12,1419.00
원/달러,2026-08-13,1420.20
원/달러,2026-08-14,1417.50
원/달러,2026-08-18,1413.50
원/달러,2026-08-19,1390.00
원/달러,2026-08-20,1394.80
원/달러,2026-08-21,1387.00
원/달러,2026-08-24,1384.00
원/달러,2026-08-25,1383.50
원/달러,2026-08-26,1386.00
원/달러,2026-08-27,1382.00
원/달러,2026-08-28,1381.00
원/달러,2026-08-31,1369.50
코스닥,2025-07-28,804.4
코스닥,2025-07-29,804.45
코스닥,2025-07-30,803.67
코스닥,2025-07-31,805.24
코스닥,2025-08-01,772.79
코스닥,2025-08-04,784.06
코스닥,2025-08-05,798.6
코스닥,2025-08-06,803.49
코스닥,2025-08-07,805.81
코스닥,2025-08-08,809.27
코스닥,2025-08-11,811.85
코스닥,2025-08-12,807.19
코스닥,2025-08-13,814.1
코스닥,2025-08-14,815.26
코스닥,2025-08-18,798.05
코스닥,2025-08-19,787.96
코스닥,2025-08-20,777.61
코스닥,2025-08-21,777.24
코스닥,2025-08-22,782.51
코스닥,2025-08-25,798.02
코스닥,2025-08-26,801.66
코스닥,2025-08-27,801.72
코스닥,2025-08-28,798.43
코스닥,2025-08-29,796.91
코스닥,2025-09-01,785.0
코스닥,2025-09-02,794.0
코스닥,2025-09-03,796.81
코스닥,2025-09-04,805.42
코스닥,2025-09-05,811.4
코스닥,2025-09-08,818.6
코스닥,2025-09-09,824.82
코스닥,2025-09-10,833.0
코스닥,2025-09-11,834.76
코스닥,2025-09-12,847.08
코스닥,2025-09-15,852.69
코스닥,2025-09-16,851.84
코스닥,2025-09-17,845.53
코스닥,2025-09-18,857.11
코스닥,2025-09-19,863.11
코스닥,2025-09-22,874.36
코스닥,2025-09-23,872.21
코스닥,2025-09-24,860.94
코스닥,2025-09-25,852.48
코스닥,2025-09-26,835.19
코스닥,2025-09-29,846.71
코스닥,2025-09-30,841.99
코스닥,2025-10-01,845.34
코스닥,2025-10-02,854.25
코스닥,2025-10-10,859.49
코스닥,2025-10-13,860.49
코스닥,2025-10-14,847.96
코스닥,2025-10-15,864.72
코스닥,2025-10-16,865.41
코스닥,2025-10-17,859.54
코스닥,2025-10-20,875.77
코스닥,2025-10-21,872.5
코스닥,2025-10-22,879.15
코스닥,2025-10-23,872.03
코스닥,2025-10-24,883.08
코스닥,2025-10-27,902.7
코스닥,2025-10-28,903.3
코스닥,2025-10-29,901.59
코스닥,2025-10-30,890.86
코스닥,2025-10-31,900.42
코스닥,2025-11-03,914.55
코스닥,2025-11-04,926.57
코스닥,2025-11-05,901.89
코스닥,2025-11-06,898.17
코스닥,2025-11-07,876.81
코스닥,2025-11-10,888.35
코스닥,2025-11-11,884.27
코스닥,2025-11-12,906.51
코스닥,2025-11-13,918.37
코스닥,2025-11-14,897.9
코스닥,2025-11-17,902.67
코스닥,2025-11-18,878.7
코스닥,2025-11-19,871.32
코스닥,2025-11-20,891.94
코스닥,2025-11-21,863.95
코스닥,2025-11-24,856.44
코스닥,2025-11-25,856.03
코스닥,2025-11-26,877.32
코스닥,2025-11-27,880.06
코스닥,2025-11-28,912.67
코스닥,2025-12-01,922.38
코스닥,2025-12-02,928.42
코스닥,2025-12-03,932.01
코스닥,2025-12-04,929.83
코스닥,2025-12-05,924.74
코스닥,2025-12-08,927.79
코스닥,2025-12-09,931.35
코스닥,2025-12-10,935.0
코스닥,2025-12-11,934.64
코스닥,2025-12-12,937.34
코스닥,2025-12-15,938.83
코스닥,2025-12-16,916.11
코스닥,2025-12-17,911.07
코스닥,2025-12-18,901.33
코스닥,2025-12-19,915.27
코스닥,2025-12-22,929.14
코스닥,2025-12-23,919.56
코스닥,2025-12-24,915.2
코스닥,2025-12-26,919.67
코스닥,2025-12-29,932.59
코스닥,2025-12-30,925.47
코스닥,2026-01-02,945.57
코스닥,2026-01-05,957.5
코스닥,2026-01-06,955.97
코스닥,2026-01-07,947.39
코스닥,2026-01-08,944.06
코스닥,2026-01-09,947.92
코스닥,2026-01-12,949.81
코스닥,2026-01-13,948.98
코스닥,2026-01-14,942.18
코스닥,2026-01-15,951.16
코스닥,2026-01-16,954.59
코스닥,2026-01-19,968.36
코스닥,2026-01-20,976.37
코스닥,2026-01-21,951.29
코스닥,2026-01-22,970.35
코스닥,2026-01-23,993.93
코스닥,2026-01-26,1064.41
코스닥,2026-01-27,1082.59
코스닥,2026-01-28,1133.52
코스닥,2026-01-29,1164.41
코스닥,2026-01-30,1149.44
코스닥,2026-02-02,1098.36
코스닥,2026-02-03,1144.33
코스닥,2026-02-04,1149.43
코스닥,2026-02-05,1108.41
코스닥,2026-02-06,1080.77
코스닥,2026-02-09,1127.55
코스닥,2026-02-10,1115.2
코스닥,2026-02-11,1114.87
코스닥,2026-02-12,1125.99
코스닥,2026-02-13,1106.08
코스닥,2026-02-19,1160.71
코스닥,2026-02-20,1154.0
코스닥,2026-02-23,1151.99
코스닥,2026-02-24,1165.0
코스닥,2026-02-25,1165.25
코스닥,2026-02-26,1188.15
코스닥,2026-02-27,1192.78
코스닥,2026-03-03,1137.7
코스닥,2026-03-04,978.44
코스닥,2026-03-05,1116.41
코스닥,2026-03-06,1154.67
코스닥,2026-03-09,1102.28
코스닥,2026-03-10,1137.68
코스닥,2026-03-11,1136.83
코스닥,2026-03-12,1148.4
코스닥,2026-03-13,1152.96
코스닥,2026-03-16,1138.29
코스닥,2026-03-17,1136.94
코스닥,2026-03-18,1164.38
코스닥,2026-03-19,1143.48
코스닥,2026-03-20,1161.52
코스닥,2026-03-23,1096.89
코스닥,2026-03-24,1121.44
코스닥,2026-03-25,1159.55
코스닥,2026-03-26,1136.64
코스닥,2026-03-27,1141.51
코스닥,2026-03-30,1107.05
코스닥,2026-03-31,1052.39
코스닥,2026-04-01,1116.18
코스닥,2026-04-02,1056.34
코스닥,2026-04-03,1063.75
코스닥,2026-04-06,1047.37
코스닥,2026-04-07,1036.73
코스닥,2026-04-08,1089.85
코스닥,2026-04-09,1076.0
코스닥,2026-04-10,1093.63
코스닥,2026-04-13,1099.84
코스닥,2026-04-14,1121.88
코스닥,2026-04-15,1152.43
코스닥,2026-04-16,1162.97
코스닥,2026-04-17,1170.04
코스닥,2026-04-20,1174.85
코스닥,2026-04-21,1179.03
코스닥,2026-04-22,1181.12
코스닥,2026-04-23,1174.31
코스닥,2026-04-24,1203.84
코스닥,2026-04-27,1226.18
코스닥,2026-04-28,1215.58
코스닥,2026-04-29,1220.26
코스닥,2026-04-30,1192.35
코스닥,2026-05-04,1213.74
코스닥,2026-05-06,1210.17
코스닥,2026-05-07,1199.18
코스닥,2026-05-08,1207.72
코스닥,2026-05-11,1207.34
코스닥,2026-05-12,1179.29
코스닥,2026-05-13,1176.93
코스닥,2026-05-14,1191.09
코스닥,2026-05-15,1129.82
코스닥,2026-05-18,1111.09
코스닥,2026-05-19,1084.36
코스닥,2026-05-20,1056.07
코스닥,2026-05-21,1105.97
코스닥,2026-05-22,1161.13
코스닥,2026-05-26,1172.52
코스닥,2026-05-27,1133.13
코스닥,2026-05-28,1104.36
코스닥,2026-05-29,1074.8
코스닥,2026-06-01,1050.03
코스닥,2026-06-02,1026.03
코스닥,2026-06-04,1049.73
코스닥,2026-06-05,1002.44
코스닥,2026-06-08,911.39
코스닥,2026-06-09,967.81
코스닥,2026-06-10,951.63
코스닥,2026-06-11,996.93
코스닥,2026-06-12,1029.05
코스닥,2026-06-15,1034.03
코스닥,2026-06-16,1018.68
코스닥,2026-06-17,1031.96
코스닥,2026-06-18,1000.93
코스닥,2026-06-19,966.59
코스닥,2026-06-22,968.4
코스닥,2026-06-23,891.52
코스닥,2026-06-24,909.31
코스닥,2026-06-25,887.81
코스닥,2026-06-26,851.37
코스닥,2026-06-29,920.57
코스닥,2026-06-30,916.18
코스닥,2026-07-01,929.35
코스닥,2026-07-02,866.72
코스닥,2026-07-03,868.41
코스닥,2026-07-06,847.07
코스닥,2026-07-07,831.23
코스닥,2026-07-08,785.0
코스닥,2026-07-09,794.0
코스닥,2026-07-10,837.43
코스닥,2026-07-13,799.36
코스닥,2026-07-14,783.98
코스닥,2026-07-15,829.43
코스닥,2026-07-16,791.84
코스닥,2026-07-20,749.64
코스닥,2026-07-21,753.34
코스닥,2026-07-22,751.09
코스닥,2026-07-23,790.28
코스닥,2026-07-24,748.22
코스닥,2026-07-27,764.86
코스닥,2026-07-28,705.85
코스닥,2026-07-29,662.68
코스닥,2026-07-30,644.78
코스닥,2026-07-31,719.76
코스닥,2026-08-03,737.35
코스닥,2026-08-04,780.72
코스닥,2026-08-05,799.59
코스닥,2026-08-06,801.67
코스닥,2026-08-07,798.81
코스닥,2026-08-10,854.47
코스닥,2026-08-11,857.84
코스닥,2026-08-12,858.91
코스닥,2026-08-13,861.37
코스닥,2026-08-14,864.65
코스닥,2026-08-18,834.2
코스닥,2026-08-19,824.46
코스닥,2026-08-20,840.89
코스닥,2026-08-21,801.94
코스닥,2026-08-24,813.33
코스닥,2026-08-25,827.15
코스닥,2026-08-26,826.87
코스닥,2026-08-27,837.65
코스닥,2026-08-28,838.41
코스닥,2026-08-31,834.29
코스피,2025-07-28,3209.52
코스피,2025-07-29,3230.57
코스피,2025-07-30,3254.47
코스피,2025-07-31,3245.44
코스피,2025-08-01,3119.41
코스피,2025-08-04,3147.75
코스피,2025-08-05,3198.0
코스피,2025-08-06,3198.14
코스피,2025-08-07,3227.68
코스피,2025-08-08,3210.01
코스피,2025-08-11,3206.77
코스피,2025-08-12,3189.91
코스피,2025-08-13,3224.37
코스피,2025-08-14,3225.66
코스피,2025-08-18,3177.28
코스피,2025-08-19,3151.56
코스피,2025-08-20,3130.09
코스피,2025-08-21,3141.74
코스피,2025-08-22,3168.73
코스피,2025-08-25,3209.86
코스피,2025-08-26,3179.36
코스피,2025-08-27,3187.16
코스피,2025-08-28,3196.32
코스피,2025-08-29,3186.01
코스피,2025-09-01,3142.93
코스피,2025-09-02,3172.35
코스피,2025-09-03,3184.42
코스피,2025-09-04,3200.83
코스피,2025-09-05,3205.12
코스피,2025-09-08,3219.59
코스피,2025-09-09,3260.05
코스피,2025-09-10,3314.53
코스피,2025-09-11,3344.2
코스피,2025-09-12,3395.54
코스피,2025-09-15,3407.31
코스피,2025-09-16,3449.62
코스피,2025-09-17,3413.4
코스피,2025-09-18,3461.3
코스피,2025-09-19,3445.24
코스피,2025-09-22,3468.65
코스피,2025-09-23,3486.19
코스피,2025-09-24,3472.14
코스피,2025-09-25,3471.11
코스피,2025-09-26,3386.05
코스피,2025-09-29,3431.21
코스피,2025-09-30,3424.6
코스피,2025-10-01,3455.83
코스피,2025-10-02,3549.21
코스피,2025-10-10,3610.6
코스피,2025-10-13,3584.55
코스피,2025-10-14,3561.81
코스피,2025-10-15,3657.28
코스피,2025-10-16,3748.37
코스피,2025-10-17,3748.89
코스피,2025-10-20,3814.69
코스피,2025-10-21,3823.84
코스피,2025-10-22,3883.68
코스피,2025-10-23,3845.56
코스피,2025-10-24,3941.59
코스피,2025-10-27,4042.83
코스피,2025-10-28,4010.41
코스피,2025-10-29,4081.15
코스피,2025-10-30,4086.89
코스피,2025-10-31,4107.5
코스피,2025-11-03,4221.87
코스피,2025-11-04,4121.74
코스피,2025-11-05,4004.42
코스피,2025-11-06,4026.45
코스피,2025-11-07,3953.76
코스피,2025-11-10,4073.24
코스피,2025-11-11,4106.39
코스피,2025-11-12,4150.39
코스피,2025-11-13,4170.63
코스피,2025-11-14,4011.57
코스피,2025-11-17,4089.25
코스피,2025-11-18,3953.62
코스피,2025-11-19,3929.51
코스피,2025-11-20,4004.85
코스피,2025-11-21,3853.26
코스피,2025-11-24,3846.06
코스피,2025-11-25,3857.78
코스피,2025-11-26,3960.87
코스피,2025-11-27,3986.91
코스피,2025-11-28,3926.59
코스피,2025-12-01,3920.37
코스피,2025-12-02,3994.93
코스피,2025-12-03,4036.3
코스피,2025-12-04,4028.51
코스피,2025-12-05,4100.05
코스피,2025-12-08,4154.85
코스피,2025-12-09,4143.55
코스피,2025-12-10,4135.0
코스피,2025-12-11,4110.62
코스피,2025-12-12,4167.16
코스피,2025-12-15,4090.59
코스피,2025-12-16,3999.13
코스피,2025-12-17,4056.41
코스피,2025-12-18,3994.51
코스피,2025-12-19,4020.55
코스피,2025-12-22,4105.93
코스피,2025-12-23,4117.32
코스피,2025-12-24,4108.62
코스피,2025-12-26,4129.68
코스피,2025-12-29,4220.56
코스피,2025-12-30,4214.17
코스피,2026-01-02,4309.63
코스피,2026-01-05,4457.52
코스피,2026-01-06,4525.48
코스피,2026-01-07,4551.06
코스피,2026-01-08,4552.37
코스피,2026-01-09,4586.32
코스피,2026-01-12,4624.79
코스피,2026-01-13,4692.64
코스피,2026-01-14,4723.1
코스피,2026-01-15,4797.55
코스피,2026-01-16,4840.74
코스피,2026-01-19,4904.66
코스피,2026-01-20,4885.75
코스피,2026-01-21,4909.93
코스피,2026-01-22,4952.53
코스피,2026-01-23,4990.07
코스피,2026-01-26,4949.59
코스피,2026-01-27,5084.85
코스피,2026-01-28,5170.81
코스피,2026-01-29,5221.25
코스피,2026-01-30,5224.36
코스피,2026-02-02,4949.67
코스피,2026-02-03,5288.08
코스피,2026-02-04,5371.1
코스피,2026-02-05,5163.57
코스피,2026-02-06,5089.14
코스피,2026-02-09,5298.04
코스피,2026-02-10,5301.69
코스피,2026-02-11,5354.49
코스피,2026-02-12,5522.27
코스피,2026-02-13,5507.01
코스피,2026-02-19,5677.25
코스피,2026-02-20,5808.53
코스피,2026-02-23,5846.09
코스피,2026-02-24,5969.64
코스피,2026-02-25,6083.86
코스피,2026-02-26,6307.27
코스피,2026-02-27,6244.13
코스피,2026-03-03,5791.91
코스피,2026-03-04,5093.54
코스피,2026-03-05,5583.9
코스피,2026-03-06,5584.87
코스피,2026-03-09,5251.87
코스피,2026-03-10,5532.59
코스피,2026-03-11,5609.95
코스피,2026-03-12,5583.25
코스피,2026-03-13,5487.24
코스피,2026-03-16,5549.85
코스피,2026-03-17,5640.48
코스피,2026-03-18,5925.03
코스피,2026-03-19,5763.22
코스피,2026-03-20,5781.2
코스피,2026-03-23,5405.75
코스피,2026-03-24,5553.92
코스피,2026-03-25,5642.21
코스피,2026-03-26,5460.46
코스피,2026-03-27,5438.87
코스피,2026-03-30,5277.3
코스피,2026-03-31,5052.46
코스피,2026-04-01,5478.7
코스피,2026-04-02,5234.05
코스피,2026-04-03,5377.3
코스피,2026-04-06,5450.33
코스피,2026-04-07,5494.78
코스피,2026-04-08,5872.34
코스피,2026-04-09,5778.01
코스피,2026-04-10,5858.87
코스피,2026-04-13,5808.62
코스피,2026-04-14,5967.75
코스피,2026-04-15,6091.39
코스피,2026-04-16,6226.05
코스피,2026-04-17,6191.92
코스피,2026-04-20,6219.09
코스피,2026-04-21,6388.47
코스피,2026-04-22,6417.93
코스피,2026-04-23,6475.81
코스피,2026-04-24,6475.63
코스피,2026-04-27,6615.03
코스피,2026-04-28,6641.02
코스피,2026-04-29,6690.9
코스피,2026-04-30,6598.87
코스피,2026-05-04,6936.99
코스피,2026-05-06,7384.56
코스피,2026-05-07,7490.05
코스피,2026-05-08,7498.0
코스피,2026-05-11,7822.24
코스피,2026-05-12,7643.15
코스피,2026-05-13,7844.01
코스피,2026-05-14,7981.41
코스피,2026-05-15,7493.18
코스피,2026-05-18,7516.04
코스피,2026-05-19,7271.66
코스피,2026-05-20,7208.95
코스피,2026-05-21,7815.59
코스피,2026-05-22,7847.71
코스피,2026-05-26,8047.51
코스피,2026-05-27,8228.7
코스피,2026-05-28,8185.29
코스피,2026-05-29,8476.15
코스피,2026-06-01,8788.38
코스피,2026-06-02,8801.49
코스피,2026-06-04,8639.41
코스피,2026-06-05,8160.59
코스피,2026-06-08,7484.41
코스피,2026-06-09,8096.93
코스피,2026-06-10,7730.82
코스피,2026-06-11,7763.95
코스피,2026-06-12,8123.62
코스피,2026-06-15,8545.98
코스피,2026-06-16,8726.6
코스피,2026-06-17,8864.24
코스피,2026-06-18,9063.84
코스피,2026-06-19,9052.42
코스피,2026-06-22,9114.55
코스피,2026-06-23,8203.84
코스피,2026-06-24,8471.02
코스피,2026-06-25,8930.3
코스피,2026-06-26,8411.21
코스피,2026-06-29,8394.65
코스피,2026-06-30,8476.48
코스피,2026-07-01,8303.41
코스피,2026-07-02,7648.09
코스피,2026-07-03,8088.34
코스피,2026-07-06,8051.33
코스피,2026-07-07,7656.31
코스피,2026-07-08,7246.79
코스피,2026-07-09,7291.91
코스피,2026-07-10,7475.94
코스피,2026-07-13,6806.93
코스피,2026-07-14,6856.83
코스피,2026-07-15,7284.41
코스피,2026-07-16,6820.6
코스피,2026-07-20,6516.27
코스피,2026-07-21,6747.95
코스피,2026-07-22,6797.7
코스피,2026-07-23,7096.89
코스피,2026-07-24,6690.62
코스피,2026-07-27,6755.75
코스피,2026-07-28,6023.66
코스피,2026-07-29,5663.24
코스피,2026-07-30,5593.56
코스피,2026-07-31,6595.45
코스피,2026-08-03,6257.45
코스피,2026-08-04,6358.95
코스피,2026-08-05,6598.26
코스피,2026-08-06,6296.38
코스피,2026-08-07,6258.77
코스피,2026-08-10,6299.66
코스피,2026-08-11,6345.53
코스피,2026-08-12,6579.04
코스피,2026-08-13,6813.34
코스피,2026-08-14,6977.94
코스피,2026-08-18,6869.83
코스피,2026-08-19,6471.17
코스피,2026-08-20,6852.58
코스피,2026-08-21,6912.95
코스피,2026-08-24,6696.96
코스피,2026-08-25,6742.74
코스피,2026-08-26,6808.21
코스피,2026-08-27,6912.37
코스피,2026-08-28,6788.88
코스피,2026-08-31,6820.02
